-- phpMyAdmin SQL Dump
-- version 4.8.0
-- https://www.phpmyadmin.net/
--
-- Host: 127.0.0.1
-- Generation Time: May 21, 2018 at 07:04 AM
-- Server version: 10.1.31-MariaDB
-- PHP Version: 7.2.4

SET SQL_MODE = "NO_AUTO_VALUE_ON_ZERO";
SET AUTOCOMMIT = 0;
START TRANSACTION;
SET time_zone = "+00:00";


/*!40101 SET @OLD_CHARACTER_SET_CLIENT=@@CHARACTER_SET_CLIENT */;
/*!40101 SET @OLD_CHARACTER_SET_RESULTS=@@CHARACTER_SET_RESULTS */;
/*!40101 SET @OLD_COLLATION_CONNECTION=@@COLLATION_CONNECTION */;
/*!40101 SET NAMES utf8mb4 */;

--
-- Database: `dbsnews`
--

-- --------------------------------------------------------

--
-- Table structure for table `comment`
--

CREATE TABLE `comment` (
  `cmtid` int(10) NOT NULL,
  `name` varchar(50) COLLATE utf32_unicode_ci NOT NULL,
  `mess` text COLLATE utf32_unicode_ci NOT NULL,
  `created_at` datetime NOT NULL,
  `id` int(10) NOT NULL
) ENGINE=InnoDB DEFAULT CHARSET=utf32 COLLATE=utf32_unicode_ci;

--
-- Dumping data for table `comment`
--

INSERT INTO `comment` (`cmtid`, `name`, `mess`, `created_at`, `id`) VALUES
(1, '*Please fill in title for your comment<br/>', ' <br />\r\n<b>Notice</b>:  Undefined index: mess in <b>C:xampphtdocshita\r\nhiha_phuongthaoDBSpostdetail.php</b> on line <b>77</b><br />\r\n', '2018-05-19 10:33:17', 1),
(2, '*Please fill in title for your comment<br/>', ' <br />\r\n<b>Notice</b>:  Undefined index: mess in <b>C:xampphtdocshita\nhiha_phuongthaoDBSpostdetail.php</b> on line <b>77</b><br />\r\n', '2018-05-19 10:35:11', 0),
(3, '*Please fill in title for your comment<br/>', ' <br />\r\n<b>Notice</b>:  Undefined index: mess in <b>C:xampphtdocshita\nhiha_phuongthaoDBSpostdetail.php</b> on line <b>77</b><br />\r\n', '2018-05-19 10:36:10', -1),
(4, '*Please fill in title for your comment<br/>', ' <br />\r\n<b>Notice</b>:  Undefined index: mess in <b>C:xampphtdocshita\nhiha_phuongthaoDBSpostdetail.php</b> on line <b>77</b><br />\r\n', '2018-05-19 10:37:53', -1),
(5, '*Please fill in title for your comment<br/>', ' <br />\r\n<b>Notice</b>:  Undefined index: mess in <b>C:xampphtdocshita\nhiha_phuongthaoDBSpostdetail.php</b> on line <b>77</b><br />\r\n', '2018-05-19 10:38:35', -1),
(6, '*Please fill in title for your comment<br/>', ' <br />\r\n<b>Notice</b>:  Undefined index: mess in <b>C:xampphtdocshita\nhiha_phuongthaoDBSpostdetail.php</b> on line <b>77</b><br />\r\n', '2018-05-19 10:38:46', -1),
(7, 'sssss', ' ssssssssssss', '2018-05-19 14:30:58', -1),
(8, 'ssssssss', 'ssssss', '2018-05-19 14:31:05', -1);

-- --------------------------------------------------------

--
-- Table structure for table `keyword`
--

CREATE TABLE `keyword` (
  `keyid` int(10) NOT NULL,
  `keyword` varchar(50) COLLATE utf32_unicode_ci NOT NULL
) ENGINE=InnoDB DEFAULT CHARSET=utf32 COLLATE=utf32_unicode_ci;

--
-- Dumping data for table `keyword`
--

INSERT INTO `keyword` (`keyid`, `keyword`) VALUES
(1, 'jordan'),
(2, 'nike'),
(3, 'converse');

-- --------------------------------------------------------

--
-- Table structure for table `newstype`
--

CREATE TABLE `newstype` (
  `id` int(10) UNSIGNED NOT NULL,
  `idType` int(10) UNSIGNED NOT NULL,
  `name` varchar(255) COLLATE utf8_unicode_ci NOT NULL,
  `created_at` timestamp NULL DEFAULT NULL,
  `updated_at` timestamp NULL DEFAULT NULL
) ENGINE=InnoDB DEFAULT CHARSET=utf8 COLLATE=utf8_unicode_ci;

--
-- Dumping data for table `newstype`
--

INSERT INTO `newstype` (`id`, `idType`, `name`, `created_at`, `updated_at`) VALUES
(1, 1, 'Converse', '2018-05-08 06:16:41', '2018-05-08 06:18:32'),
(2, 2, 'Nike', '2018-05-08 06:18:32', '2018-05-08 06:18:32'),
(3, 3, 'Jordan', '2018-05-08 06:18:32', '2018-05-08 06:18:32');

-- --------------------------------------------------------

--
-- Table structure for table `photoalbum`
--

CREATE TABLE `photoalbum` (
  `albumid` int(10) NOT NULL,
  `albumname` varchar(50) COLLATE utf32_unicode_ci NOT NULL
) ENGINE=InnoDB DEFAULT CHARSET=utf32 COLLATE=utf32_unicode_ci;

--
-- Dumping data for table `photoalbum`
--

INSERT INTO `photoalbum` (`albumid`, `albumname`) VALUES
(1, 'Converse'),
(2, 'Nike'),
(3, 'Jordan');

-- --------------------------------------------------------

--
-- Table structure for table `posts`
--

CREATE TABLE `posts` (
  `id` int(10) NOT NULL,
  `title` varchar(500) DEFAULT NULL,
  `content` text,
  `hotnews` tinyint(4) DEFAULT NULL,
  `createdate` datetime DEFAULT NULL,
  `updatedate` datetime DEFAULT NULL,
  `views` int(255) DEFAULT NULL,
  `idType` int(10) DEFAULT NULL,
  `photourl` text,
  `public` int(10) DEFAULT NULL,
  `albumid` int(10) DEFAULT NULL,
  `txtSearch` varchar(50) DEFAULT NULL,
  `rating` tinyint(5) DEFAULT NULL
) ENGINE=MyISAM DEFAULT CHARSET=utf8;

--
-- Dumping data for table `posts`
--

INSERT INTO `posts` (`id`, `title`, `content`, `hotnews`, `createdate`, `updatedate`, `views`, `idType`, `photourl`, `public`, `albumid`, `txtSearch`, `rating`) VALUES
(1, 'The Moon-Landing Graphics Appear On The Nike Air Huarache', '\'Sneaker designs and aesthetic have long drawn inspiration from the final frontier, and with last week’s release of a lunar-landing inspired Air Force 1  and the recent release of a lunar-landing Huarache arriving this week, space is as relevant in sneaker design as ever. This new Air Huarache interation features an upper composed of tan mesh and suede, while the space detailing comes courtesy of a navy blue star print on the midfoot and heel underlays. A red Huarache tongue patch and stripe provide extra contrast, a white midsole and navy outsole round off the shoe’s look, and the insole features a graphic print of an astronaut planting a Nike flag on the moon for a extra hidden pop of flair. These space-age Huaraches are available now at Nike.com for $120 USD.\\r\\nNike Air Huarache\\r\\nAVAILABLE AT NIKE\\r\\n$120\\r\\nColor: Moon Particle/White/Neutral Indigo/Neutral Indigo\\r\\nStyle Code: AQ0553-200\'', 1, '2018-05-16 06:14:16', '2018-05-16 10:22:27', 20000, 2, 'data:image/jpeg;base64,/9j/4AAQSkZJRgABAQAAAQABAAD/2wCEAAkGBxQTEhMSEhIWExUXFxcYFxgXFhcdHhkdHRgWGBoaGxwYHSggHyAlGxYYIjEhJSkrLi4uFyAzODMsNygtLisBCgoKDg0OGxAQGy8lICUtNS0tKy0tLS0tLS4tLS0tLS0rLS0tLS0tLS0tLS8tLS0rLS0rLS0tLTctLS0tLy0tLv/AABEIALwBDAMBIgACEQEDEQH/xAAcAAEAAgMBAQEAAAAAAAAAAAAABQYDBAcCAQj/xABJEAACAQIDBQQGBwQHBgcAAAABAgADEQQSIQUGMUFRImFxgQcTkaGx8BQyQlJigsEjcpLRFTNEssLh8RckQ1PS4jRFg4Szw9P/xAAZAQEAAwEBAAAAAAAAAAAAAAAAAQIDBAX/xAAqEQEBAAICAgECBAcBAAAAAAAAAQIRAxIhMVEE8BMiQXEyYYGRobHRwf/aAAwDAQACEQMRAD8A7RERAREQEREBERAREQEREBERAREQEREBERAREQEREBERAREQEREBERAREQEREBERAREQEREBERAREQEREBERAREQEREBERAREQEREBERAREQEREBERAREQEREBERAREQEREBERARE8u4AJJAAFyTyED1EreO3zw9IMzHsLzuLnloszbI3pp4hPWU6dTLcgE+r1t0u4le03pf8LPr3149bT0TS/pNeat5AN7kJmfCYpKi5qbZhcjnoRxBB1BHQ6yyjNERAREQERNHH7Vp0iFdtTrbu74G9Eq1ffzCrWXDrneoxAsoFgTrqSRy1MmDthOVj+b/AClZlK0y4s8dXKe0jEjhtqmNXug5sbEDvJUmw7zYSQU3Fwbg8CJZm+xEQEREBERAREQEREBERAREQEREBERASo+kjbaYfDqhbtVGACgi5A+Avl1lh2ztNMNRqV6h7KC9uZPJRfmTYT877w7aqYiq9aoc1R+A07AB0RfD/PmZTK2/ljq+n4sbvk5P4Z/e34n3/wBecbtA1tGXsgg217xqe7UzoW5mMR6KUVGQotuP1up8bn3zmuzqik5Ta51Ov1uOvsHslp3Kq2qqRa3bPG/ZCtrfkL5fdMLOuWnp5dOb6bc8a3dfFi17VqMgNmPtmz6NcU7YnFgsSDToOb/ezVVB81UD8okJtbFZpZPRfQ0xdTq9On5JTD/GsZrh7eNl6XmIiasyJ8Vgb2INtD3HoZ9gfCeZnHd6d4laq7Ic5LEA8h0HfoOUmfSTvOxLYOixVVH7Zxz4fsx3W49eHIg8wqYvMxGiqbcLAnTr4D3THLed1j+j0eLi4+LGZ83u+p/7fj79t3Y1vpQrtdmuWK/vAgceeug7vb0X1eZQ6nQi4tOfNT7NNiDcEcBfiLf5X5S57Gxt6BHR2A8LKTw72MywvnTp+u45cJn+39q1a9V1YG5nQNx6jHCC/BalZV/dFRgB4DgO4CUSpYm54DU+AnQd0q1I4WmKVRKmUdsowNna7Ne3DtE8Zvg8jJMxPLuACSQAOJJsBPQM0UIiICIiAiIgIiICIiAiIgIiICIlc2zvFa9PDg1GFwzKCQvdmNkv4tpIt0mTavel/FN6ujTAJTNma3C/AX8On4vMcir4Yu3ZKqt7cTcnnpw/1nUK2JxYbsYMupPab11E27yiPc+/3z3gdsB6hptVpU6gIBV6NQEE6AXYga6W68u7Cy77SvR4/qMJxTjzw3J59/fy5tRNKloNXIFgurk8wRy5SybHw1RFZyhao1hlX7C3HZvwvzPWwHKWnamLekdaCVV5mmcjjp2X0IPjyPhIv+kFqECmjHkVdCpXvIPZtrxFj4yvXV2nl+ry5MOkmp9/sjcQGvqD5iS77yHBbNb1Zy1auIKg8wvq6bO3kAFvyLCY61RQLN2Rew1Fr+DafrIbeTYpxCqabBXS9tCVINtGXiNRxGbibi3C/HlJl5ceeNsV+jvji6Nf1q12DDUgvmBHQrezaHhx8J07/ahSqYGtUUZMSigZOIuTbMjC4I4m3Hx4zhuO2e9NstQFbrcEiykjjlK9luHEddbG8kt0MIaldUGt3pA+GfMfcpnV78sHYd3Mc9CpQpXuDb1v42e2Zj1IJ08BL5tfF+qo1ag4qpI8eA95E5zXrJTrBndaYVgxLHkCL8NfPgJL7Y3ppvSaqGp1sOb3KNawv+MhWtbUhgeGk55ldVrJO036csxxFQM2rMWJaw7RJPEi/MdfGamE2c7Zs90ABPeetgOX+XnesHhtnYvWgy5wSbU6hDDxSoTc/lPdNvE7s0EBuKgAW17uXt3Cmtza19L99pnj3xmo9Pk5vpuTLvlLv1rX3/tTa+SkqIl2b/hgM1zfjfu+HlaT+ErLTRKWYZ7FiL8TcZiB0uwHsihsPBnM+GqFm+0c1yO4h+15G0+jZ6ML38wW7+p/SMcde2H1H1H4uscZqRh2vicuGrsOPqyBy46frKFu5vPVwdZatFirDiOKuL8GHMW9+svO0cATRq01OYshADcCeQJHDxsLdZy3GYOpSYLVRkOvHgR+E8CL31BI1m/FfDhzjsW3N9f6QTCUqQKCoSawv925YA8wAvG32u6dA3UxrOrI3KxHcDfTw4Tivo5w5Z0J+xRcjxZkH6mdd3axCU6mV3VC4CoGYDM3HKt+JsCbDXQycr+aREnhbIiJKpERAREQEREBERARE+MwAJJAA1JPKB9mLFYlKa5qjqi9WNpD4zenDrcLVpk8i1RAPjeUnapwuJqCricXSqFeCrXso16Kb+HCVuS0x2kd4N+UNX1NPErTB+4ozt4PUZaag8uM023ap4gio1TErbgDUouo8lzL5G47ps4XYWCqLmWlRqd6vnzc7G5ObXr5zHhdlU8N/wCGQUSCTpcq1+KtrqOnTlbhMrfltNTXX/T5haFXDMxU066Aiw9QlOpYce2hAZunZUHhccZlxOLpVy6Dt6AsrDkb2uORuCD4T4tWocxqZQbnLlJOnn5+yYKWPVmqKLgoQrXUjiLixPEWMraSMNLZ5BF6rsoBAVteltSdQNbeMw10KsqhGIbNdgNFsL9rpfkZ7q11D+tLlbrlsz2U63zBevK46zRr7co6/t1/KCfjaVWe8TSVhldVYXBsQCLjUHxmJ3mo+16X/M9q/wDdMuGc1SFp/tCeGTXztx8+AjVTtjxdNKilaihgeIPA+PO/4hqOs2N0dhLh2atTps7XORW0Vezb64BLmxa1hz1tpeTobAqqMz02vyULmPS5AuPLXvsNZt4PA410qE7QVWW3Y+jBSnMXLakWtqFtoeOs0xtkZ5atecEmIro7nAYbmCjVwXYjgGygqBqTZmuOms1qO8uMwwY1sA4wyaPkbMaev2bqpZQOma3WxmDF7A2ihOIXGhqyfUBC2qjS6swRRbpe/HTvs2G2mXplK+WnVyjNlJKm/wBpbjUX0Onla0L2THePi/z8oetsLZ2Opevp01BPazoDSqAnW7WsfaOd5iomphgEBarSGjI5LOD99WJGt+Xs781agwqCpTOVgMp42ZejeHIm9tes9UUbIue2awzWJIv4m15G1f3R1bCU6/7ULYgsAwurXUldCLG2nhPaUQoNgSSe0Sbk2AGvkJsYLGrVQOuYA3HaUg6GxBB1GoPsmBcOiFygtnYu2rHXQEgE6eA01kJa4DZ2JYZSBlXLqCOPavrfwmLG4VKqlKih1PI9evce8azNVPfMd5Gxt7mbJpUBVCsSSqqqniBdiTfgeKjykX6QV9YlOijZXzioGv8AUC3u5PK2bj3yRw9TKb9JJbG2caVOrUxID1sQAGQ2ZUQXsljcH6xJ6kga2l5nbd1S469LbuZtX6RhUctmZSyMb3uVOh81Knzk5KBuJUFDF1sLbKlVRVpjkCujKPK58FEv83l2ys0REQgiIgIiICJ5ZwOJmrjMQ1rUiobq4JA8gRf2iRsbNasqAs7BVHEkgD3yj7y7fbEH6PhAai2GYqp1PLU2soIGvvE8bX3cxFdw1TGIy/c9S49/rtO7TSZ8NSrUUC/R6bhbECk4zEjgbVQgBvzzGZZXK+PUdfHOHDGZX82Xx6k/f9b/AE0r2xfRyoLNVte1yLE3vqBmIyAdQoa0m8VuTgXpnJh0Z0uOxlLZwBoXNjobG1x+kYjegrYvhsVTKm/9U7A6WsfUZ1I159J5XflD9iqvjh8V8fU2ESSK8nNyZ+L4nxPEQtRVFULiqRw9c/aBKir4Muh8D1HDhJSigRQi3sOFySefWem3gw1YNQqmnVzEnI1RCwvyC3Di3LS4kTXvQOjNUo/iHbpDlf7y+PD41sVl+W3QzhAKrKz63KqVB6aEm2k+O3fMX0m/HhyI1B7xMdVyTYSi6sb3bFaqTUR2JNrqOQAI7Pnb9OcpdTBa2XMSehN/dOu4em31UUu3QC5PsEw4zcbM3rnwz1Wv/VLUp01J43cswJ/KNb6k8Zvx5yTVjPPDd8Vy3ZlGtUqerw5Zx+MXyjq5HADrz5C5tOgbL2Q3q2o4c1DUaxZqWji3C7g5UGmmpGupMl9nYBaZVcVQehT+zSpoWS+v1noZlXTmTc9etywGJoGmRTZHpG+ihMtjoV7Oh89ZS7y/k3s4+Lx/Ff8AH/b/AIQOyd1MSuUVcdXQ8srFzprqzKaYPdY87T1ikx9Cso+k03w5JANVF9YWtcL2SoN9ddOB0MnvpwKsrME17JRiCACMvgdLEaiau3VoVqR9ZS9dl1ULbOL2BKEkWNteI4SdSRjnyXK7sn9JpF4jbDWHrcO2YEa0wWGul1I1trwIE+Y3DI4IfhrrexFwRoeI0PvmriaFbC65jiKP3gB6xB+IcHHeNfIXnp3pV6ZBAqU3GvQ63HgdL+QlamM+JU5WyEBspCltQDbS/O15rBmCA1MuYL28tyt7a5b2JF/ObJItYTEzSEqptfe5KeirfW2Z78dOAFydO7S4va8iF3wqMbAPboEUfFryW3o3dzgVaNO7C+YDmCWYlR1uTpzvproaXwJHAjrfiOR75vx4Y5RjnlZVuwu8ymwcsp/GNPaLqPM8ptptOkXFPMA54LzbuXqe4SubF2TVxRORRl+1UbRRxvrzPcLnhw4y6bE2HRwtzTGeqRZqrcbfdUfZXuHneV5MMZ6q2GVraw+HyWdxqNQo1t3nwmXE1mJBJDWvkF7FnsSgvwtlv5z01zwNj14/Jh6VlspK2FgeJGlgdeY4+2ZLpLZlEticPUpnVWN7fdIIcfA+KiXuVHdJlFYqLA5CR7QT8TLdNsPTLP2RES6hBiQO/G1fo2Cq1e4KB1J0t58POB52jvEouEP5uvheRdTb5P8AxG9tvgJxurvXiS19B3Wlo2RtP1yBufA+OmkyzmU81th1viL6u2vx+0D56zMu1D1U+0fzlNDT0lYjnMu1X6xc/wCkOqHyIPxInn+kV4G48Qf9JWKWMPWbKYw85PanSJz6Yh4MD5ieDWHWRnrVPETHWVLXtw5gG/l890nsjq28ZSRwVdFcHkyg39vzpIbE7BamVOGsi3Aai5PqypOuUWJpta9soseYMkKuIyi/E8v5zRO0Wi5Ex2kcDu/TAKtXGW91CqdO4M1tLnp9qTOD2fhl+qBUPVmBv5DTn0lVXaR5j5+fjMoxYOth8/6SOx1q6CuALKAo6CwHumN6/wA/Pz+tTpYrlw8D3W5eXsmwMWeTn5+fnjLdkdU+avz8/OvfNHE4Gi5zPSRm6lQT7bX8vKaIxTfeHjb9AB1/1vPX0punz7fD2Huu7HV8rbEonh6xP3K1VR7FcC36TXq7Hb7GJqrbkwpsPAlkzc+vO82TiW6W9nz/AKnlPHr2Frj4n4Dx8vc2jTTb6UnH1dYa/VvTb2OSpP5kHCRrIMzVqIswP7SlYi/XskXVtb8Nb3HHWw5/n59h8byN2phSf2lLSqNNb2qDjka3fwI1HHuMjDh61wrgkq3XiNbWPnp8i+xa/Hh5azHh6JC3ylQ3aYG2jEC47JI8xz4GZHPKUXfHxFvhaaOO3Zw71BVr0+1ocikjN+/Y68u/TUkaTNUqlWVhyOnnoPjMtQG5bMb8dToe7u8fjJl0ixkz6BQAqgWCqLADoAJq47HJSUvUNhyA4nuA8/Ac7TNSbMARzF5TdtYOrWxjU1BP1cpPALYa+2/nLYY9r5VyuoYjemrnFRRZASPVadoczm45vK2vnLZs3aCVUFSmbg8RzHXTkRzHyc2ydy8OtO1VPWMRqW4jwPLymnT3HelXz4fEZKR1ZWUsfC1xfTg2h63565YS+mcyv6pzA1Mj06qa5WBPhwYHyv7p0EG+olNwuyaSENdmbmSxAPiosPdLDs7F3OQ9NO60jHGwyu0lERLKk596bW/3BBdQDXW+a9jZKh5d4HGdBlE9MVG+CR8xUJWUm2bmjjUqdBrzBEmDghQdaX8Umt2MfkfJdSG77AHqSxsPb8JrVhpfMCCAQQVN78NcomnUfq3v/kstZ2mqS6u3TatF0tnQr0JGh8DwInxWlM2JvZicMLU6l0/5bgsnsJuPK0uuy99sDXsuJoigx+2B2D+ZbMPMW75heD4azm+X1XmVKksA3foVFD0qjZTqCrBgfAm9/bMFTddh9Wqp7ipHvBPwlLxZLzkxRq1bT6j3PUL726eAOvS4HSbR3br/AHqf8Tf9EzDduqBYNS/if/o+e+RMKXOKnvrtY0qSKjZWcnW/IWvbzIlKo7YqqQRUv3Zrg++WTfzCvTrpTZrkUwxyrnXtMenaH1ekqjr30/Y4nThjJPLDPLyvmzsaKtNX68fHnNxHMp2721Fp3p1GFmIIYXsp6G/AHTWW9KdwLG85uTHrXRhluM61Z6WvNUqRynzP3SiyTWsOsyiqesjKdYTZp1h1gb4rHifn2TxWxBJCj6xF+AOUc28dLAcyOFgZp18Tztm5AdToO+479J9oMV/E7HlzPIDoLAey/ES0VqTDch0+HPw/Q9wn1fn55D3/AAmvSqjXW/U/ePd3DW3jeHxHeJNqJG0zzHUojiJ9wOFqVvqLp946L7f5Sao7JpqO25du7QeXOTMbUXKRVsRTJ7IFydABxJmWls7EKP2tK6crEMw/eXn5XlrwuCpUzmUHNyJN7eE91XvLzj+VLyfCrItzYanpJDB4EKczDtfCb7gcbazyp5y+OEity2yppPea/dMIM+5pZV6DW0Mz4W4qJb7wmo7XmTZdciqg5Zre3SBaoiJATy6Aggi4IsZ6iBxPef0V4pSzUXTE0QPqG4q2vyFsrHzHCcz2zha1FslWlUpgaEVEdOGmhcAT9XYnHBPs1G/dQmQuO3osLDBYmp3er098nY/Lj4y1gp94M908b1JHsnddq7WSoNdgCpz/AGlFDrr+HvlS2hTd7hN3aS36Um91iLR2opmx94qtA3pV2pa8j2T4qeyfMS+7J9KjLYYmmtQffpEBv4Ccp9qiUrFboYlvqbNq0/DOf7xMwHcbHnhgqw/KZPYdswG/eBq/2gIelQFLfmPZ9hlgw+JRxmRlcdVII9on59w25+1F+rg6pHQpN7D7p7WBumAqI33lbKR7xHgXv0i7Ed3XEJSDIqftWzqCoBPas5tYL01nN8dUyAk5iB0JP+Iy3YTYm3ShRkrEEEMHqUmUg8QQ7HlI5PRptUurNhqa3Pby10AYdSpbiB06Sd6FWqVgRe5t4n+ckti70VaChVy1aY+zUB0HRWBzDwNwOk3dveizaat+zoetXkUqU+7QgsDf+UgMZultCkt3wNcD7wpMeHM5b++Nml/wO+GDqAetD4c6cQWS/cyC/myrLDhNn0a656NYVF6oysPdODt62l9dHX95WHxEy4XazI2ZHZG6qSD7RrK9cantk7s27vRoGwDwze4/oZy/ZvpDxSf2jOPu1kDD+IWb3yyYL0tDQVsOpP3qbkD+FlP96R+HinvkuNDYFzcv4aTapbvoCSzsTa2ltBz49ZXsN6T8KfrU66D72VCPc+b3SUwu/uAfQYgKfxpUX3soHvjpPhHapVNi0Byc+LfyAmdMJRThSW/eGb43mnS3jwjAlcVQYAXNqqG3le8hdh7/AGExRK5jRb7K1sozeBzWv3Eg+MTGG6txrk6a+wgT5eRdXa2GX61eivjUoj9Zr1N5cIv9roeC1UPuQGShO5pie19f8P66yn7X9ImFSlUNJmquFbLlRgM1ja5cDS9tRfzle2P6TmFBRVph6g0LmoEDd5AU69bWHPujQ6aW7/8AOfCwnMKvpMqvm9XSpm3DWo19OWVheesLvZtSt/VbPPj6ms1/PNaSOl5vn9YzSjUsNt+rwoeqB6rRX/5GJmbD7g7bqn/eMdTprbgtR7+ymoHvEbFwqVANSbDqdPjI+lvDQFalTSoKtVqiqqUiHa9+eXRQBqSeQMjKPoVViGxOPq1COSKB73Z/hLnu5uNhMEwqUUY1ALZ2ck258LD3SNiyxESAiIgIiICLxEBeIiAiIgDKztVtq3P0dcGByzNUJ96gSzRA5ri8FvE/1a+HT90qP8BkRiN1d4347QVfCsw/u052GIHD63o025U/rNpA+OIrn/DNOr6Ese5vUxlBj1ZqrH2lZ3yIHA19A+K54ugPy1P5TMnoGr88bSHhTc/qJ3aIHEqfoKqj/wAxA8KLf/pNyl6En+1tEn/26/q87DEbHJ/9iVMizY6p4rRQH+9PWH9B2GUg/S65/LTH6GdWiTsc4pehzBjjXxB86I/+ubVL0RbOBzFazHqaxH90CX2I2KjS9GmzF/sof9+pVb3M1pJYXc/AU/qYLDr/AOkp+Ik5EgYaGEpp9Smifuqo+Ama8RAREQEREBERAREQEREBERAREQEREBERAREQEREBERAREQEREBERAREQEREBERAREQERED//2Q==', 1, 2, 'Nike', NULL),
(2, 'First Look At The Air Jordan 13 “Tinker Hatfield”', 'Jordan Brand aims to bring yet another one of Tinker Hatfield’s sketches to life with the Air Jordan 13 “Tinker”. The similarities to the Air Jordan 13 are quite apparent, with the dimpled nylon upper and the paw-inspired outsole clearly being represented into this unreleased version, but based on the legendary architect’s sketches dated August 22nd, 1996, this alternate version utilizes a mid-foot strap and an overall lower-cut profile. Additionally, the jewel piece on the heel has more of a triangular shape compared to the eye-shaped sphere on the current model. These are slated to release later this Fall, and it wouldn’t be surprising if these dropped on the day the sketch was completed – August 22nd. See photos of two colorways ahead.\\r\\nAir Jordan 13 Tinker\\r\\nFall 2018', 0, '2018-05-16 02:11:00', '2018-05-16 07:09:10', 10000, 3, 'https://encrypted-tbn0.gstatic.com/images?q=tbn:ANd9GcQThw9I3P7I5Ap7IAbE2u0G3m7zGQlTa0EfBEDJFpyH2eiT9WqpRw', 1, 3, NULL, NULL),
(3, 'Where To Buy The Nike x Kendrick Lamar / TDE The Championship Tour Merch', 'Kendrick Lamar’s Top Dawg Entertainment is about to embark on “The Championship Tour”, a 29-city streak of live shows showcasing Kendrick Lamar, SZA, Schoolboy Q, and more top talent. Throughout the tour, TDE will open up The Championship Shop pop-ups at every city, with six of these shops in conjunction with Nike. At those select locations, exclusive merchandise will be available, including a new black colorway of the Nike Cortez Kenny III, long-sleeve tees, hoodies, and hats. While the Nike x TDE x Nike Cortez Kenny apparel will be available at the select locations below, the Cortez Kenny III will be available exclusively through Nike SNKRS. Additionally, select merch will be available on TopDawgEnt.com. See the official images, price list, and pop-up shop locations below.\\r\\nNike x The Championship Shop\\r\\nLA (Blends): May 9-13\\r\\nHouston (Social Status): May 19-20\\r\\nNYC (Concepts): May 26-30\\r\\nBoston (Bodega): June 4-5\\r\\nToronto (Livestock): June 11-12\\r\\nChicago (Notre): June 14-15\\r\\nNike x The Championship Shop Price List\\r\\nNike x TDE Long-sleeve: $55\\r\\nNike x TDE Hoodie: $85\\r\\nNike x TDE Hat: $35\\r\\nNike Cortez Kenny III: N/A\\r\\nNike x Cortez Kenny Long-sleeve: $55\\r\\nNike x Cortez Kenny Hoodie: $85\\r\\nNike x Cortez Kenny Hat: $35', 1, '2018-05-16 07:08:09', '2018-05-16 16:16:15', 15000, 2, 'https://encrypted-tbn0.gstatic.com/images?q=tbn:ANd9GcQFgUBRjqz2S4KGUGR3aIoIuCoItrIGZAypQNgjsJCDlVBTaFtM', 1, 2, NULL, NULL),
(4, 'How To Buy The OFF WHITE x Converse Chuck Taylor', 'Converse and OFF WHITE will finally release the tenth and final installment to Virgil Abloh’s “The Ten Icons” collection soon. This iconoclastic iteration of the classic sneaker features translucent uppers that expose the inner workings of the Chuck Taylor, with Virgil’s signature “LEFT” and “RIGHT” markings placed at the toe-cap of the shoe. While the shoes will indeed release at select retailers, Converse confirms that they will first release exclusively on Converse.com and at Off__White. For now, sign up at Converse.com to get ahead of the notifications; more details to follow.', 1, '2018-05-16 11:10:06', '2018-05-16 12:22:00', 30000, 1, 'https://encrypted-tbn0.gstatic.com/images?q=tbn:ANd9GcSmUTgXu5a_5-LHsTGCR3d0BPn2uAD40HMEdH6jYqo0bxLClBf-', 1, 1, NULL, NULL),
(5, 'Official Images Of The Air Jordan 11 “Cap And Gown”', 'After countless previews over the last few months, the Air Jordan 11 Retro dropping on May 26th emerges in the form of the brand’s official images. This all-black pair of Jordan 11s has received countless nicknames such as “Blackout” and “Prom Night”, but Jordan Brand’s official moniker is “Cap And Gown” as it is set to release near the end of the school year. However, the Jumpman is well aware of the fact that the Air Jordan 11 has been a mainstay at formal outings, so go ahead and rock these on prom night. Peep a few additional angles of the Air Jordan 11 Cap And Gown aka the Air Jordan 11 “Prom Night” below.', 0, '2018-05-16 02:12:18', '2018-05-22 06:00:23', 1600, 3, 'https://encrypted-tbn0.gstatic.com/images?q=tbn:ANd9GcSNzj0lumqwsrDbyAZ7X6CVvaAi-gZWHXFpGSCoidoFEtXgjAOkGQ', 1, 3, NULL, NULL),
(6, 'First Look At The Nike KD 11', 'Kevin Durant’s eleventh signature shoe, the Nike KD 11, has been officially revealed by Nike. The KD11 features new construction from head to toe as it moves on from the visible full-length Zoom Air for one that is encapsulated by Nike React foam cushioning, a pairing that has proven to be mighty when it comes to offering the proper support for athletes. Additionally, the shoes make use of a one-piece Flyknit upper and an external heel that scoops up high at the heel and ends with the pull-tab extension. KD’s logo appears on the heel as well, while the concentric circle detailing suggests a call-out to Durant’s shooting ability. Kevin Durant’s new shoes typically launch towards the end of June and will likely debut during the NBA Playoffs and potentially in the Finals, should the Warriors defeat the Rockets in the Western Conference Finals. See the photos of the KD 11 below stay tuned for release date information.', 1, '2018-05-16 06:21:00', '2018-05-30 09:15:25', 19000, 2, 'https://encrypted-tbn0.gstatic.com/images?q=tbn:ANd9GcQJQ6Yf6a_3O215SNI2WLxn5jnbvubNmhKrgTDrOZyZtcym-ah-GQ', 1, 2, NULL, NULL),
(7, 'Where To Buy The Nike Air Max 97 “Metallic Gold”', 'The Air Max 97 “Metallic Gold” is set to return to retailers once again this Thursday, May 17th in both mens and womens sizes. Although the shoe was re-introduced to retail stores on various occasions over the year’s last year’s return was met with celebration as it honored the 20th Anniversary of the Air Max 97 at the peak of the its popularity. A year later, Nike is bringing its alchemic touch back to this model and giving you one more shot at adding this iconic original to your rotation. See the store guide below and stay tuned for the official drop on Thursday, May 17th. Make sure to follow @kicksfinder on Twitter for updates on a restock in the US.\r\n\r\nNike Air Max 97 “Metallic Gold”\r\nRelease Date: May 17, 2018\r\n$160\r\nColor: Metallic Gold/Varsity Red-White-Black\r\nStyle Code: 884421-700\r\n\r\nWhere to Buy: Nike Air Max 97 “Metallic Gold” (US)\r\nFinishline (men’s)\r\nSold Out\r\nFinishline (wmns)\r\nAvailable Now\r\nFinishline (kids’)\r\nAvailable Now\r\nSNS (men’s)\r\nSold out\r\nSNS (wmns)\r\nAvailable Now\r\nFootlocker\r\nSold Out\r\nFootaction\r\nSold Out\r\nEastbay\r\nSold Out\r\nChamps\r\nSold Out\r\nShoe Palace (men’s)\r\nSold Out\r\nShoe Palace (kids’)\r\nAvailable Now\r\nNike US\r\nSold out', 1, '2018-05-18 02:00:00', '2018-05-18 00:00:00', 20000, 2, 'data:image/jpeg;base64,/9j/4AAQSkZJRgABAQAAAQABAAD/2wCEAAkGBxMSEhUREhMVFRUVGBUXFxgVFxYWFRkXFRUWGBUVFxcYHSggGBolGxUVITEhJykrLi4uFx8zODMsNygtLisBCgoKDg0OGhAQGy0mHSUuLS8vLTE1Ly01LS0tLS0tLS0uLS0tLy0tMC0tLS0rLS0tLSstLy0tKy0tLS0tLS0tK//AABEIAOEA4QMBIgACEQEDEQH/xAAcAAAABwEBAAAAAAAAAAAAAAAAAQIDBAUGBwj/xABBEAACAQIEBAQCCQIDCAMBAQABAgMAEQQSITEFBkFREyJhcTKBBxQjQlJikaGxgsFy0fAVJDNDU2OS4TSi8cIW/8QAGQEBAQEBAQEAAAAAAAAAAAAAAAECAwQF/8QAJxEBAQACAQMEAgEFAAAAAAAAAAECEQMSITEEE0FRInFhFCNCofD/2gAMAwEAAhEDEQA/AOd4+AsDfU7Vs+W8Nlw5HcU1JwbX51oYkVIraDSisrg+HWZjbrTrYC52qVPxKKO92FZ/iPN6jRBUGhSBVGpAqDiuMwxdbmqPC4PGYvzH7OP8TafoOtONiMLgj5ft5h1Otj77CtaNrzDriZxm/wCBF+JtDb0H+dMYvmjC4QZYB483VyfKD/i/sKxnGOZsRijZ2yp+BdF+feqomm0WnGeYMRijeaQkdFGiD5f51Us9C1C1TYSaWgzKe660hKEZtf8AT9aBoUo0CKFAVChahQFQoUVAKOjUUDQFQoUKAUKFHQFR0LUKAwKO1BaVQLtQo6FB03i/N0aXCamslxHmiWTQGwqJw7g00+qrp+JtB/7q9h4fhcJ5p2Dv0G/6LRrVUeE4fPOb6hfxNoPl3q3iXCYTVvtZe29vlsKh8V5keTyxjw09Pi/9VQOpvfvVRd8U5lmmGUHIn4V/uapWaiJpJ3qIU8drHvRGpeCTOhXqKiSJY61aE5qS7aUdhSGqBcQoMtqOI0kRscxvewuf1A/kiqEGioypG4or0NBQoXoqgBpNKNFQOJSH3pWWiZaAqKjFFQCjoqFAdCio6A6FKQUq1AdqKnLUdBfzc0SZckYCDv1+XaqWYFvOSSTuTqaXiobWPepPD486kVZC1XmpUUeZD3FRpRY2qx4L8RXuKQVhBpMe9TOJRZGIqNCulA/wt8snoakcYwtjcbGoUO960c0XiRA9bUGVZbUSLel4jQ2pcaaVASLUrA8UMFwI0csysc9yLKDZbAj8RP6dqaRP2BP6VDY0XvO7Z4bniI5RPgY2A6o2U/IMDf8AUVrOHce4LigEdRCe0yhR/wCYuo+ZFceNFWemN+5k6pzR9HUJHjYRhlIvYHMp9VNc3x/DniYqw2qRwbmDEYX/AIUhCndDrGfdeh9RY1N4xxxMQubLlbqNxf0PaneG8bP5Z005CutEqXp5EtWnMLUiXanaanG1RTNHRUdVAtQtR0VAKFChQOxjSlUUW1OWqKOhSqFBY45R4KnrS+X/AIyPSomKmuoXtS8BiPDJPcVtkziEvKwHQ09w0kSi1Iwx87HvS8O2W7DpUU5zMR4gAqCu1qPEuXbMamSR+S9KIMbWrRcJxCiFi3bQVTYOIG96figZ5VhVkTN1kbKg9Sam9dzW1Q7ZnJ9alAipuJ5bxS4gYbwWeQ2KiK0isrbOrLcZD36dbUvivLmIwgH1qNoi1ytypBAtoCpIJ1GnS4qblXVXHCeWHxGBd4iDJJMiAX0yIpJJPTW5t6CspxXBeC/hk3IGp6Xudu49a3nJnM5w+AliBsztZeoAIsWHasJxeTNKxG236AVw4s87yZTLxPD6vqeDDD0mGeu91r9atv8AuoNFRmhXpfJFQtSiul6dy3Fx0qFmiYKftTEZtS/FFA5amsQNPnS/EFE9iLXqKi0KdmisxA2BNKjwrNsKpoyaFSZsC67gi9JXCselNmqYoU82FYb0f1b1omikXQUqjoVFLoqOhQS8HEHLDtemJLLp61puUeDM6STW0F6zeMS82Ud62ynLhPKH9KgliFatPPDaHUWIFZPEvplqUS+HQ50JttT2KcZbVYcCw9kt3qLxbCZbmio/DF3q2giRwZTEjtlMUYEnhIjD/nTNmFnsdATZu2ljRYZHt5ASSQoABJJJsAANSSeldC5b5XSN0XG4bExFRnz+MvhsxtdmERzoAbjQmwIzd6482WsXXindqeRIZMNERIAxdrkqDcAKAiC+rAWY6XHmNZ76b+JRuMNhV80hPik/hWzKB/UST/TWi41xCPARh2lJiYhfCkPiS62s0L3LOOuVidNmU1nOY+BPi5EdoZnV1+yxUKMZo+vhzpYeLHZgQ9g1tDcg14+HLLHL8noykycx8SRFyXsN7e+9qajwbuLgadzWzxnJM+GBd4ZZACAGytJ1uGygXA9x6VCl4nHDEyxvaQ6NoVNrarZgDYkj10r1Xl3Pwj24+iwt/vcs1J2kst1/30yuMwhjNmIv2G9RqdxEjMxZtzT/AArhkuJkWGFC7tsB+5J+6B3Nd/E7vkcnTcr0TsYkGgFtd7+h2HvUnDWsD0O9bznTlOPCYOBY1DSxkmaQA3OYHMTb7obKBfYfOsMi6WrOGUym4Zy7JngsaR4YqdF51t1FR3S1brCOYRSJIrAmpBprE7W7msqirIRV1wzjiR6PFf1B1/Q1SEUVNEtjYYvmDCyqPK6kdwD/AAaEPFMIPvH/AMW/yrH0KnTG/cq+4zj4mFork+xH81UeMaPBpcn2p9kFWTTFtqP41H41LMYojEKIX4tCh4IoUHdOS+HheHW0uVN6wnIfBxPxCQsLrGT+t61D50ib6vIMljp2qj+jrjiYaSXxBqzG5FdEaX6QuGKkBZRauT8vcLOKxKxD3PtXYOdeLwTYNyrgm2nesv8AQtw67yTkeg+VQi6l5LMYup2FYzmbCtcIqlmJsFUFmJ9ANTXdW1rNJwGIySSyM4VhkGQmMm5BORgQ1yQBmFhoQC19M5ZzGd2scblWY5G5exEMUc6xQM4LlgfNN52CqMyn7MBL3AubsbqTe27x5TIvjOyeZWsCuZWU3y59RvobakE9zSYo5EQRRZwqj45nd2sepZ7kn8ultqSyKuvxPpYsCbW0GRQNNSdTrr2r5+VuV3Xqxmpo0WZQDDAihb5Way5cxuQruCQvootSXXEtq2IVe4WN2Hpq7fxRvJcnMxJX4lQgFR/3JGIWIdbEj0v1YkhViWzIDf8ABPL3Is5eMfoCPWml2kQGUbzgn/BJGPmbkH/9p1w8os6xTDtZJB+4JqtnKLY+QL3LTw//AFKOP3oxFn1DFh2DQuN/zsrfoKmr8BrEcAwn3uHQf0QW/i1ScDhvCUjD4SPDg/EwVIh/URqaVHEw/wCt8opv/wCAR/q9PR4Rm1yye7Ruv7yhQPmaXqJ0q7iuHSSJoCc5m0Yi4vaxsttQo019u9cRxEBRmRt1JU22JUkXHobaV2zi7lQVQ+YixZTme3bNsg1O19zYiuTcywMrl8rZNEzBTkBA0XNte2vrrXT0+cmXSzzY/j1KiJ8pv+tTMRFcXFQM4NTMFJcZTuP4r3R5agsLUmOYLIhIBAOoOxB3BpziTZGAI3Fx66kaelwaiSREjxOmlZsbw6t7x+O5fEMMUb0bVTawIPaozKRv11rYcsT4TEIuHxNonU3WT7rA7qb7G5/aqvmjhyxSuE2ViBrcW0tr1/8AdcMOfeft2WWPVy+nmWF5cLufX0oqFChXoeJLwex96dao2UhVextew7Eg6j9CKkMaik0KFFRDtCkeIKFB0XH8JniDZSba+1VfKOIWNnWZPiJ1I/vXZcTgA423rNPyYjubyKi+guTrqPwqfc1blMfJMbfCixfLsM6nI2W/S9M8GgxnDzkiTxEJ2G/67D3NbrAcq4OAi5dm10mkKg+wFlNvQmrkRRoPIVT1BQW66k1yvPPh0nFflDwk07qt1CX+Jm1A9EXdz66DsTU9cMo827D77nXX02Hyt7VHRgTdSZD+QNJY/IWX5kU3iMS2qsVUi3l0kcG+gKRnKL92k+Vee25XddpJO0P4yZFGZnvrYaX1P3VUau5/CL+1Us8z5/KD1BXUuRb/AJjK1ofRRmYaElRcVNEBvmclNLXJzTMDupIAEa91QKL2+IVFxAWYGNRliXQgfeI/F3Gui7fIWOb3up5PE3UpXVgoUK1vMotkjW1tVUdAdzrc6XbpT47mFVk8CCRpJBYv4eQRRC+pckMc29kB1P4RrVRxzlPE4yaP6s7xIilGCXVrMwL3cEfFZb3/AAjetny5yFDh0VWF7bImi+7Nux/SvTjxyftwyzt8KVsYWOjXPqDm/W5Uf+NRMZw6ZvtPq6v65SW37rlJ/wDGuoYfBhBaNEjHoBf596fMgHxPVvBjTHlyjnWB4cNP92xN/TMB+42q2i4Q7aDDvb/uE/8Aqr7FczYWPRplJ7A3/ioKc5RO2SMEn10/zrH9PPmt3m/gScrZ/wDikKvVU3NuhP8A+1YcW4Dh5sJJg2jUQupWwGi9Q4/MDZgd7iqDn/mafBJGYyhMgbe1wVK333Fm/aqzk7j+MmxKjEghScvXUtGWUkbW2tXTDDDC6nljLPLKd3BMdwGaElWU3UkHQjUaHQ7UjhUX2oMreHGursQbhewHVjcAV3Ti02FxDvIh8S7spCozMSpKk5VBNiVJB6gg9ayfM/BsM8ap4eIBMkd2SMhVDFlGe4sLG9wdf2vM+bDHttcePK/CrxHK8HEcmIwuIuqWWRNcyIAbBFIuD6HQ30Oms6P6LvHi+yxKX6ZoyDp0azW+dqq+D8s4vA4xZIXSVEcJLkNm8FiMxdG9NdC1iAa6pwLHoCxvZcxt79bfPp3vXnvJ3nTluPRjuS9vLz1xHhcuExBgnWzobEbgg7MD1U0nGsNfNvsNemwrpP01YRJPCxS2zAiNj3BBK39iP3rlgS+2vrXpxsznU5zK4Y3CTyZIoqsFwOmY7a9RYnsO9RcSRewtp/ret9UvhjLiyxm8m45c4M2I4RPZbsJs8d765BHcL6kGQe5rHmu0co4A4fBYWFtHZlZh285mYH2UW+Vcv5r4UMPOVT4G8y+gIBI9hmrjx57yyhnjqSqWmJZOgo5ZOgpqu7kcoUdqFB1eD6QJVgZBl8TRVZulz5jv8Vr29bVJ5d5qAsHYWPfasHxXC5rldj+3an+XeZIMKvh4vhuHxIHwubxyHU7uLq3zW/c1w9R6f3LLvWnbh5ejc+3W4OZMP1cr/gby29qkJzFhgT9sxv8AlA+VwaznCOd+XW+PBCA/mhzr8iha/wCgq64/zX9WgXGYLDYU4NwvhymPKxcllyGMhXHmU6kWt1rlPTZz/Ju82P0s04jFNfKJ5r9Dmdd9rG4qygws7C0cHhju1lIHzN6zHBObuJ4vCPi0WBETOMoyhjkF2KlyQQPboReqGH6UZVjiZ7zSSE3VpTFGLaixjjsbjvXWen+653l+o6MeWZG1kkVR6XP82/mhG/DsItpcVFoSfNIg1/wg3rn3M3FoOJ4dJWx0GAcCS8RGd3yaXuJLZSysASoJFtOlc1ikw+IeWaWXwSkJeNbZxJMoGWK1vKG19tK3hw4Y95GcuTLLy9CS/SVwtPKk6vbpGrEfxapPBOc4cU5SM5AFLZpLJ1IAF9zcH9DXnzk7GYCIzTYxplOW0SQgWfQk5mYGxJCAdrm+laPgnPXD0Rf90xTThi+WNo/DzBiQwIAffzWtoa6d2Gy5j55xHjNBA0dlYoWF2N9Nlt2INc947xfGGdo8TM4sRZCSoIYAqdLgAg79Ouxq14jz27kyJwZS+lpMQs05BHwkhhqRp16VzTFmUsWlzXJ1zi2/YNsKdxruFzxxYn7Z2dQ3m8M5gU33APSw6EG3atZLzphIiGiwwOXYzPb9ia5JDGzaBgPdiP4rbcpco4R2zYmfPp/w0BRbnu98x+VqzlxzLysy0e5p59fFWLGFQtwoQEn9ha1J4DxzimKRosKGIYgeKRlRFChLZztYaWB26VuMDyJw1GMiwK19g7NIo9lYkfrer84awshsBsBoB7AUnFjPEOusbw7k7EYaJrYmNmYXd5EZhGRclowCL6Hr2HtWBV8VhMQbNIFcvGPEvaRCxNmF7XOYtYG6ljaum8d460ZMYhMyrl8RhqVW7Zyi/fZbIbdL/OqrifDU+qCSR0lLnNF4Ydi0ehDkZfKLNc32JAvXn5MscbqR3wxtm7VbgJJ4mjRsWzQsp8s5YxZgbAFnZRm2++P7Vb4jCWK+WRSCxVYj4gNwbt4UmR23OqGTfekYPAyJGuIgYzwsq+LAxHiAWIMkLt8TAX0YnMLi+1ToMAkt2wzkRsASMuWK2t2aNlMbOCCG+Fhre2hryZb27xi+Nqs4ED42JQHDMsqTRy3ANhkZfzH9qKXk7E5VMWH8QHYKyoLfiJex/auhrPFEwCL48wBIa2ZxcAkIWN0Q2vqQLWtmFRZsVPJ8UqJfooec/wD1Xwu2mWukzskbw5bhMta7/PywUvIGOe3iGGFezObKDvsLfvVxwHkvDYVlmmk8dxqqgAR3Gx6hyLX3P+E1oWwYXVzMfVViiFj/AISrUcD3J8KMAnXMftGPS97WFvzXrV5crNONxlu6mtiT8bDzkZYk6gN94jpe1vbMe9U8fB8Pi8UMNMuaNssAdTZ0bw2CyIfxBoxvcEMdKdxvERHdVbPKb6g3sTub7F/40v0qx+j7hpkxSNusN5HPTMRlRQfT+xrPHuZTXkym8btxXmrl+XAYmTCzA3Q+VrEB0J8si36H9iCOlVsadTXqP6TOXoMVDG0igvHJ5D1sytmX1Gl7flrmWI5Oj6CvovG5jehXQv8A/JJQoKyMAMb6g1U8TgsTYXU9N6tAbUavvcXBrpYzGUnwqWupI9DqP86n4PlzE4hR4FpT95FcBly3C6ORm02tfe1HxHAH4l2pvhmPeJw6MVYdqw0u5vo34n4Sv4a31Xw/EXxFFzrqcoUkk2DdTprUeD6N+IG14VF/xSx6a21sT7107kznRJ0EcxAkGnv7Vr8lx70Rwjjf0eYmAAh1kXc2BWx9BrcetIw3J8cigpiPOB5kKj4vS50HuDXc5YehF6yfHuUA58SE+HINdNj70VyPiPCGha0qH31H8VO4VxKOPRQF72Fr+561q5MT5vq+MTXYNVTxTk8kZ4DmHpQWOA48nWrN8RhpRaSMN7jWubnxIWswItVxw/GFtjrVEvjHKUT+bDkqfwnas5Ng8VhjqGt3Gora4aV6s4bsPMAR60RieF86zRmxJrfcI5rmnhZ0W9vKGt949Ow9STYb9KhYjkuDE6AZHY2BHr1qyi4XIieHhHCxoFMK+U+IEBDu1zlYuS11OmpNwSLcObk6ZqeXXjw6qLh8U7zrFNJ4coJZZPMYZYM33Bf7ORbgFNjp7iUMKviNHE5UXAQsH8KQi+bKdGXc2dDca/ENDIgjEuHaVwUKG3hLc5WW4bL94L3VgMuVugBqVDhLWIlcxDKVvYs+jAxSKRZreWziz20JsL14L376evx2V2FwTtmE2ke1wbS308oaPySIdbOAraWIuCRID+IuRR4cS6eWwGmtl/Ed/NsNxsXK1JmY3Fol8p0N26ZV/L0J0uRbQChiiHGhKKttVF9CRZVA1Yk5bAbkg/hASfQYUAAqqhUB8zMCVLHUaDWaQ3vbvbQbGNiJxHfRmOlw0hB66lIlYLudCQalFnZit8gXytaxyBtPCQj4pWOjMPYXAuzXEIcihc3hBiFSOMDOzHpm+8bAknYWJ1Gp3Mbe0jFsneqafiT3Ph4dRbe6sfbdhVbieJTSeR3yjqoIUexVNx73rdcN5FE5u7yMnUsxyn0tuT7W+Va3g3JmBwxzRwhn08z3e1vwqdF+QvXXDhyvlzvLj8OecscnT4mzAGOI7yOLEjtGnb1rrHBuExYWIRRCwGpJ+Jj3Jp/G4xIUaWZ1jRRdmYgAD1J0FYOf6WMIcPi8TEjyLhnRFF8vimS4RgSPKtw2pBNl2r04cUw/blnyXJRc8c4rPxbC4KFrph5H8UjYzMjx5b9cuZl92Par3IDuK5ZyRhzjOJS43KVhWWWbX8chYpHfqVzk/IbXrqTS11cw+qJQpzxBQpocflWm1Sn5YSDTDXFaQU83p71VY/B386D3q1ijBPm2ps+U6aipVUUGIINwSCK6HyXzzIhEc5zLtc7isPxODXMg9xTODk1rKvRuYSKGRrg9RUWbDn8RrmvK3ODYU5H80Z/Ue1dPweJTERiWMhlPaiKHinLiT6uTeqHE8EnwxzYdiy9VNbmSMio0oNFc8x+NilGSWLLId76VmOI8FliOeMeXpaup8V4DFiB5hZuhGhrJwYXEYVmR7PENde1BlcLx+WPRhVtDzOSOgq2k4Phsb5YCBIfu9b/6NXfK30eQ4ZxLiGEsykFU/wCUltVLdXa/yHYkVjPOYTu1jjcvC85WwTqqvP5ZHBKqdMoIsub8xJGnS4G5IqNBgxhiRGheO4P1f7yaavEx0GmuUnXoeh0kkSsSSdD0bS1xqL7GouIwznRZ0t6li1vRg+a9eDPK5+Xqxx6fCBJgoln8fNZhYgLddbeVnvs1gPzaEarcUiSKSVj4gyxbfmfrlUdF/c2ve20gYaOM380j7aiw17LpYX16A6a31p/ERZhmeQKBqx0yqvqdhrsB13BtesyWteECZ89wLKijzE/Cqga67Wt122G3xFNE0eRFuJXF1U7xod5pAdnIJAX7tzfUm090WIK7pdmOaHDnR3YHSecbqoJBCm5BIJu5ChtsMVDFmzTSkZmt1OgAF9FAO17ADvmZtX8Z/KTvVHxLiMeDiEjAmJGCC1rsz6PJrvpmGvr30tOReESYt/8AaE4KoQRCh3WM9T/3H0JPRbAb1dRcupOBE6K0YykhgCPKbgkHc3HzNSubOa8Pw2NEJBkbSOO9vd2PRRuT/O1eviw1Hl5Muqr+V1RbuQiKPRQBsPYVlONfSLhYG8NXXNZib3sLD73qTplJB12trXKeNcexeNlGIOJWKBG8sshyYcMN/Cj1aZhrtc97VkeZPBZwcPiJcSSCZJJEEalvyLfNbffuK67t8MaWnNPPeIxjsXNwCcg+5GLWJUbZjc+ci9tO90cm8syYgiR0P1dSGIN1ErAHKAOoFz5vUgbmmuVZ8AhBxaOz9M4BhH9A3/qv7V1nA8ShlUGNlYdMpH8dK1IWihxixgIUyAaAKLKB2A6VYRYpG2IqM6X9RUHE4ddbAg/lremV34g7ChWZse70KhtksQ1qhsTvanzc1GlY1QhphTavem5DrejDAe1RScQlV88GU5l+dWjyio7qNxUojo4Nta0HKXNLYN9yVJ1XpWckw5+JdPSmC1x61FehOC8dhxi5o2Abqp3qXJBY61594XxR4WzIxBG1q6fyZ9IC4h/AxIym2jdCe3vQaiSLW9V/EMEsoyuLir5whGZGDCoEyCgyHAfDhllgi28QFwDZyVGjA9Mv9r++3SUSC5JYjTxEHmHpLGNVPrYjrpXDeL4qTCcQnDE2MjOp1vlc5lIPWwNvlWw4RzejW8S4YbSIbN8x17+/evm8syxztvePbx3HLGa8ukRITYqUkHdSD+hFyKViGRATKyqveRwo9fiP9qyv+1IpRmZsNKTa5miUyevnBX3oocdHGboMJGfxLCpf0s92I0tWZngvTk0mGOcfYR5ltfxDeKADuJGGZxvqgI/amEN3BiImkUeVyuXCw/mijuPEbTRiehsRqDQ4zmGI6ySvNbbObL6aDQ+4AP6U5wzj005y4eCSXtkHkHqWOg6ak1fcm9YxOj7aJcMIg0jOXkbV3J1OnTQWFj2G5sBe1UiQz4yXw8OPhIJc/CljuT1Pp1q+wnK0sn2mPmCr/wBKM2Hs8n9h+tVnPPO/1CJcPw+AFiC1wLiONRd5RH8TaX8x8o3NxXXHguV3n2YvLMZ+Pdc85c3QcJw9iRJOwuiDQsdi7b5Iwep9hc1w7jGNcTHFcUidnkjEkMLeUSksVXxQDmjiWxOTQnTXUmqbF4lcUs08ssr4ppE+OzxtGVbMWboykCwAy20A7VPEZGZruzOQqrdiSbIoVRr0AAFvSva8o+J8RlxMmeVszaKoACqqjZEUaIo6AC1MSwsh8wIpMPxD3Fa4KrLY2+dUZVMUdjqPWpeDxYVgys0Z7qTVnieBo3wnKf2qnxfC5I9xcd11oNfwznLFRizFZl9dG/UVo+Hc7xPo/wBm35tv1rkkcpU6GpcfEejgN/NXaadk/wBrr/1U/UUK5H9bj/CaFNmmqlkte+5qHJ6mpMlr60zOL7VpESdbC9Mk1IlQ7b1HYgVFJaiVunSiJonaoAw60zNCG1XQ0stRZgaCAX6GpnB5cs6HbWhLGrb6HoagsGU69KitunGWin87vkI1AYjTpXQeErhsWmaNibbrmNx7iuItiTISzE30AqXwXjEuElEiE36joRV2mnVOO8j4bEL5s6uPhYHUemuhHp/FYc8hSxMfEkkyX8skMfi2Gt88WdXHT4c/Wug8uczx41APhktqvf1FTitjYtpUslWXTDcH5Kw85yx8ahDfgaErILbgxvKGB+VbLh30TQgAzY6WT/AqRg/qWNQOK8EgxPxxxsRpcjze2Ya1TjkeIA+E80HX7KVhftcNese3h9NdeX22WOwfCeGtl+qtNIE8QtIVKhblQS8rLHe6nT2703w3nyfHLJHw+OGDwwDeQhwqm4DMFZUUEg/CznT4aoRgpPqZwLTTNG2YMSwLNmNyTcH0/SsVxDl2XBknDs5U2JAJ+7e2YbEi5/WrJJ4Tdvknj3N+OxGfDyt4ro7q8iE2OVmBCZSI1S2mi3YbnWq/B824uCCTDxyFBM2aVgB4pGQJ4fiG7ZLKNPU+t7ThPHkc5MUGUn73T51Z4/lRJFzRkC+oI1BrWkYCFwNNh6UxiviNW/EuASwnYkdxVPKNTeoGoviHvWqS46VlojZgfWtVHiVPaqHY5ABrTqsu/WkRuvWpMWQm1qIj4nhsMu669xoaqMfyw66xMHHbZv8AI1oXg811NTsMg0O16DBf7Kn/AOk/6UK6bkH4hQpoZid7ne1JOnWkiMX702Tdr2Nq0Es5teo0wqR4YudabV9DfS1QRmN6GcUJY/f3pMyaUCza9IFulJHaiU6UAvQuDowpIPSkMO1AyQU9r70404Yaj50oPpY7VGljtqNqirDgnEHgkWRSdDe1dT4HzhBPZJbBvxW3J6Vx2FuopUcpXY0HoOfDBfMBdT2phyt7Af51guSOfmVhhsSbobBG6g9LntXQxewcA5T16e9BFaL1+VqiYiH83y6VZvKp160wyg3svTS+1Bl+LcAjl1Asx620NZs4WbCk2d1HRb3U+1dBnje1x1FRJMKzjK6/rQYWXmGc+VmB6ajWqHiMCuxZTb0tatdxzlJlu6XPcXrLzYcqSHBBFSw2pXhIpcGJZdjU1grFctzc2sBrVlxHlwKLq3rY70DWE4ipGtgalxS9jWblw5U2oRzFdjQa2KY1IixB/SskuMbqadXFk9ao1/1v3oVl/rJ7mhQWjKL72v60jKw6exqfhcaYxIFRW8RQuYj4VDqxK+pygU7juMl/FvDGRJ4pG/2bSiO7Jfa3h6dfNv1NRTsbt29qTk3F96usZxku8hMUdpGkYhQNDIYGNja+8O97/aNrfWhJzAhZf92hKh5WVbeUeItitiNgQGGm9/SwUOS9/So856VcjiigKBhoNFhUkrv4T5mY+ri6t1IO+gqPPj0MqSCCPKjMfDCqEYM5bK/l1FiFGmgXS16CpLelEjC+/rVo/FA8eRoIWbwfBDFbsLRoivf8Qykg76gXsLENxfXEkxR/bsHtlUrGw8SxRcttPFYjbYXJFwQqjIBRudPernDcaSOeaVMPFaUFUQiyxjYCwHm0AzDS510pL8ajBBXCQ+VYFUkC+eFw7SaAAlyLHrbQk0FI1ErVNxuOjkVV8AIy+L542CsxkbMpfyeYLsALadthOTjkRclsHAFaRWOVFuqiMIUQEZbXGfa2Ym4a9BnpoiNV2pKNV3NxeNvEH1WJQ9guWytGBO8pykLuVYR3t8KjppSV4lGi2XDRNpID4gVmIkaM/FlGq5GANrjxGtaoqmvsw6V0LlH6QmhBSb7S9rZtgNj+1Y7i3GfrF7wxox8MllHmPhoybkXs1wTrqVHoBVU2PQhxSyr4kRVlPbUXPp0pzDS3AVtPUbVxzlPmR8MSL3B3BOlq6hy5xaPFoWj8rKdUJ1PqveqidO5vbW17adKQNT7D503IozWbQja9IjOhOvy9O1RTzgEXG3rVHxjgseIUgjUjQjRgf7ircy3Av6e16S6X20J70RyvifAZsOM97BToy/tSsHzL9zEKGFv+Io8w9+9dGm4dnBJJYdVJ6GshzByl96BQO630Pt2oqvxGA8RfEjIdDqCLEjvftVLiMAe3y60UkU2Fe3mRuo+6w/g1cYTjkU4ySgRvtcaKfY9KDMMhFEGrQcSwOXU9dR1uDtqKqJ8KRraoEeJQospoqDVybf001L8C+woUK0hMO59qgt8QoUKBSbD50cm3yoUKCOlNruaFCgQf704+woUKBBpIoqFApP8AOmetChRSH+Km23oUKyHErW8gf/IHy/mhQqwdH458S/67UzD8cn9P9qFCgGM+Ie4pZ+Mf4T/ahQohcm5/p/ioOLo6FBjedPgT/XasNiqFCpVa/h3/AMNfeq2b4P6qFCqI9ChQqD//2Q==', 1, 2, NULL, NULL),
(8, 'The Nike Air Max Plus Appears In “Alternate Galaxy” Colorway', 'The ever-growing craze and demand for Air Max retros of the mid-late 1990s continues as Nike delivers a colorful take on the Air Max Plus. Right away you’ll notice the vibrant color treatment on the upper that retailers are beginning to dub as the “Alternate Galaxy”, although a more accurate description would be more of like a color-saturated oil spill of sorts. Shops are reporting these in stock right now, and they’ll likely show up at online retailers soon. If you can’t wait around, snag a pair right now on eBay.\r\n\r\nNike Air Max Plus\r\nRelease Date: May 17th, 2018\r\nAvailable Now on eBay\r\nColor: Sail/Hyper Crimson-Menta-Menta\r\nStyle Code: AR949-100\r\n', 0, '2018-05-18 00:14:07', '2018-05-18 00:21:00', 10000, 2, 'data:image/jpeg;base64,/9j/4AAQSkZJRgABAQAAAQABAAD/2wCEAAkGBxMSEhUSEhIWFRUXFRUVFxYWFxUVFhUVFxcXFxUXFhUYHSggGB0lHRUVITEhJSkrLy4uFx8zODMsNygtLisBCgoKDg0OFxAQGC0dHR0tLS0tLS0rLS0tLS0tLS0tLSstKy0tLS0tLS0tLS0tLS0tLS0tLSstLS0tLS0rLS0tLf/AABEIALwBDAMBIgACEQEDEQH/xAAcAAABBQEBAQAAAAAAAAAAAAACAQMEBQYHAAj/xABIEAACAQIEAwQGBwQHBgcAAAABAhEAAwQSITEFQVEGImFxEzKBkaHwBxRCUnKx0SOCweEVFlOSorLxMzRiY4PCJCU1Q3Ojw//EABgBAAMBAQAAAAAAAAAAAAAAAAABAgME/8QAIREBAQADAAICAgMAAAAAAAAAAAECERIhMUFRA2ETMnH/2gAMAwEAAhEDEQA/AMnFeijivRUKBFLFFFeigiAUYFIBTgFAZ/ia5breIB9+n5g00Eka/O1WHHbPqv5qfzH8ar8NdI/KrxI3cskCa9berZreaBy/j5VHXCiSfGq0WzJGblUlbUb+HjrzpR3RrtGnw/U1Fv35PgKYWt/Geis+it6Ndytdbnl+xaHQfaPUwPs601xp+fnwpy45bfSm4mkaw7PcJ+s3Ck5VVGdmOyqo1Ps39ldu7PXM9nOBAYlo6BiTHxrnNvCHCcPCn/aYpg8jcWAqmPCWI88rV0fsysYZPwipl3Sycd7f2MmPxA2l1fzzojn4sfdVDZvFTINaX6RsWtzHXco9TJaJ6lVBYn2kr+7WVC/xpm0mExAvESYMAddNjp7qHHYPbJrp4CTJnSqTBXyjA1pbOOUlQQOk846zPnWuNlnlF8KRpU6/On8qcLd5Y5hdPEDWrZsKlxjlMSDqeXzrQ3eENKsgkeGuvLajmjZVuaajy8v9BS2JAPOfDkY/l87rh8Ow3EAidifhyqQ1t4CoPsmC2m3Trp4c6onuHW2e5atj1nvqdN4JAHs0J9prtTVifo/7P5R9YuakMwtyNZjvNrykkec9NdrUX2YSKSKKkNJICKSKM0lMGyKAinTQGgjZFJFGaGmHF69FLXq5XQ9FeApaWgEpa9SimRrE2c6lTz28DyrNXg1tirCPnlWqpnE4dXEOJHxHkaJdBS2saNOVOviARoetVYFeynlNabLS0s2M+59lG9hdYB3/ACquR3XY0YxjjlvVSwtJVy2TVv2S4OMRfVWzBZ3HJtx89apMFfDuqs62wSAWbRVHMn9K1OGxljh8PnOJS6GyXLRyXLFxQuYBGOVjDAgkAmSJWKnLL6ORP7YYkPiGCkFbSpZWNotqA0eGfP766FwW6LeEDt6qW87fhVZPwFcquKPsnMpAZWgjMrAMpg6jQjTltW87S4n0XB7hG7W0tD/qMqN/hLH2VOBVxi7ea47O3rOxdvxMSzfE07bs7ltNz40dizEk78vDzpq6jE9efz886sx3WQDTU6eVNnFEEHzoUt/EU4LM0E9bx7qZBqwwfFXiJ5j4CNKhLh+Xn/KncRhssEeYPvFOWwvCzwWNnMGPPy+dq3fBOzj3sRkuStpBr1YbwDHOY9nga5ZZfXziem9fQvZXEi5hLV6ZPolRusr3ZPnC07ndCYzaYAAAAIAEADYAbAUlK+58zSUJepDS0hoBDQ0RoTTIJoDRmhNBANCaI0Bpk41XqWvVyul6vV6vUB4UQoRRCgEpQK9SiglA/Dgb62UaM0av6omSTpyA8zoaiiJ0dY2nUSORgjSre4B9btMwkAE+23naPfHvqrwNhrhARC7GTlRSxPMwo161rCr3o1P2z7Nf4UgT/iPuqfiMDdtAeltXLeb1c6OmaN4zATEjbqKjMOsVeiJZt25GZWcdJCz7d+taq9iHs4K41qzZtW2EaDO0tCli3Xb3Cs5gXVWBbUTqAPOtrx2xc/o0WltkLiL9q2rH7IM3C56KBbH949NYyVFQtvKlpPu2bQ9ptqzfFjWv7ct/5Vaj+1tf5XrKYy9mdmGxJjwH2R7orc8dwJv8JIHrIqXh/wBMhmH93P7YqcU325VgLkF5IYdDyiB+tS3tgmBG3u+f41TGQT7/AD66UX1srrNazIrFuMGM2sCTB20EQfbrTd1UH2hGmwO25+dah4fF55PMa+Y+ZqBibnKadyg1V7g7KuJVp2kxt11mnXt2oAN0axy289fOj7FWgC2c7qdPZNOY3giEFl0OvlzO3Kqk8b0m+0A4ayHGV5G+wnw/Kuh9ie1KWSthiDbjLPjzbXYbe/xrFLwJRA6n+e/s/OjscGcEBCTIB0Enx0HTnSuP2cruFzf3HTYyJkUNReDqww9kP6wtWwZ1M5RoalmpFJSGlpDQkJoTRmhIpgBoTRmhNBGzQ0ZoDTDjVJSE0k1yugdeoZr00AVKDQA0s0Ac0oNN0QNMkXiGFLFHSJRsxBMTtsf3RT3Ya8cPxC3C6MbiL+8pye2QB7a3/ZHszlT6xetq7Moa1bJTMViQwVjEnlJ08JrOY67j8a7ekdsHaV8otKCrgqftQVZiCNyQNAQsa1phjkVs00fbbhN/G2rS20GcXhJY5Qts27kkneMwXYE61Sn6LrpWTikzdPRNl8s2efbHsqInZS8nesY5w4OYasveMiSVaRMkHQzJ3mr/ALJdqb4vjA44ftGn0dyB3oBMNGhnK0NA1GUia1sQzFvsdi7F9VdE7zAK5Oa00nlpPsInwq47X428jfU3ZStogyBBYlNG1J0yvEDqZmulKqt+zcSCQR1VgZVh7a5x9JUfXDG/okzeYLD/ACha5897ayznwy5Nde7OH/wyfhH5Vx6unf0sMJw4XiAWyKqKftOR3R5bk+CmniiuQdq+HHDYu7aUHKjSuh9Ru8mvkwE9QapmuA6EwelWHEeI3L10tdcux1YsZk8gBsAOQGgpbbcgPk1egr0YgaadTyorZUakyfnlV9aHd189duVKlsb5Z2+fnpVTAulfg+I5CCGgjp7qubHGxEZh5ePt6zFPYbh2fKq2wzGIAgkxqZHLQGncX2dCmLthrZJI76lOuxIE7b1pMconcEOLTlVe+ZUQNSQTMaV0zhXCrygC8yKo19HbA7xgTnaBpIJgAzO/KudcE7PfV8XYulWyK4eQwygL3mJJBiACY02rsANRlb8n69FpDXq9SIlIaWkNBEpDSmhNAIaE0ppDTI21AaNqA0w4sTSTQTXprmdA5r00M16aCFSg03NLNAOTSg0E1Y8D4RdxV0WrSydyToqLzZjyFAbPC3beNwNq1fe7buAKqXrAm4PQ3Abfdg5j3V21OtabHcOk53FkhrSBzdZ7P7RDOfKJIBCroSNoneqjgL2rIbD4RsxSPSYoiQWacy2QdB6u+23ra1b8KsXLRcjvB2D99ySXiCczbaAaKoHvmt5PHlFm1ZiOEYokBRaKHb0ZAtj2QCfOPbWUs4G5f40qkMFwgVmLCCd2B8Azvp1VCa6mcQyw11sq85H/AHBoHuo1sISWCL3oJZQATGgkjfTnNVvxopFex1HnXM/pBuq2Ou5eWRT+IIoMfPWuttg0kGQNebaT7axX0idnUKNjEhXXL6UcrmZgisOjDSeoPXfLNUc3Faztp/6dhT/zAPabbR/GsiTXQeJYH0/CD962q3l5629T/hzj21OIcWzw5nnU0E8unzpTGIQBp5EyP0nrTlubjZUHn0Aqt6OTZwTzc+QgfGjR1B5t5szfAGtz2Q7E23Vb2IlgdVXYMORIHI10C9hreDw1zEJhRktoWhFUMQPjHU8hJqpulZJ4cz+jS9bfGtbghmw10Aa/2lomJ6gN7q6N9JGKCYNFLFSb1tVYAEiFckwwIOgI9tZDCnifEQLxvjC2j3ra2wQ0ajMMpDQQSJLieQg1ocFw7HWlYNeXH2zGazfXUjWcrO7a7cwBvBiDf7Lwg9m+IY/LCvYexOU57bSS5CqsBgDJYTpoD5A7cms3asWwbH1UEWruIY3VaZsmxba4LLTqrekVDryHtrR1HyL9Fr1JXqaXqQ0tIaCIaE0poTTBDSGlNCaCC1BRNQUw4dmpc1M5qUNXM3O5q9mpua9moBwGiBpkGimgLfgfB7mKuZEgBRme42iW0G7O3Ln51b8W4/bs2ThMCCLf/u3jo+II+Kpvp06azSnjd04dcKMqWwSzBRBusTIN0/ajQAbaDoKjYEn0gjeHPmAhzD+7NP8AwnTuy1sCVW2VAUu1zk2a7dVFA5sBbG+kMN9IH6RONXMPhlXDsUu3bi21YetEFj3jtMAe2pfZu8zJbQICno/SZyTCkpaMFRvPpCdxsaz30tS1vDqhJc3+7OmuUgQBoO8y+OtdCHvpSstb4fYR5b9paQsxLsxSzdMlmMkkyZOprd8JwQsWraIyqqoihZgQFA0HkKx/0qWM2DzE6pctHfqHUwI/5g93hWq7LXfTYPD3InNZtk6btlAb4g0qInXoUMcpYaSohgQTvkPLnNZXtreb+j2LSWe8itl0WRLagnRe6seIFaTjGHDW8pDAGRIkZNDqCNgdo8RWc+kBo4co5m6jHSZkNrPIa7+Q51GfpUcsc12Lsh/utv8ACK40xrs3Y0f+Ft/hFTiVQ+I9icFeYu1iGOpKM9uSeZVSFJ9lYXinZizhcUuHtM5W4bclyCwztBAIUaAAe810vtHbuNbRLTFS11QzKYIUBm0PmB7qwnaFbj8RsgsocG2SbjZVBRiTmY7eqR7aM2n4vtsVYKoAECOXIcgKtbPGAe6wGQAyDrKxDDx0nSKrls2gO/iFMDa2C+m47221WmBtWzGSyfxXT+SD+VbMvIMNgURUfBZXtgAKgYMuSIUo06iI0nkIpfTsTHoivgEj3E/rU7C4Nrb9xEVY+xCyfG2F088x8qtB41NsPTEcKxQuY/GJb1VbNtrvQYhGZZHiUlT4oelXAqxwHCLGHW4LNvIHJZ4kkmI5z7tvfUcW7J0DsD4j+VLYsR69TmIsFDrqDsRsaappeNJS0lBENCaU0hpgJoTRGkNBAJoaU0NMOCTS5qazV7NXO3PZqWaZDUQagHgaUGmQ9GHoI8DVp2dtZnutGqWj/iIU/Aj31T5q0vY+1NrENGpyAeRLj/8AIVWPsV0Ds5fy2bNshjm9GNI9ZcOFhvP0be1Kzv0jaYvhsx/vA7oJJ/2tjc/oNKv+zWJCIJ/CCAWM+k7sACdVvqNKoe2V0JxTANc0TNzjRi6iSJ01Ns69K2+ENpxzCNiMPfsSFzIVUgA6lARM/wDF0jas79E/EjcwrWWENZuEZSASFfviZE+t6QeytojgjRNxudfh/Osd2N4Tdw/EMaxsslu4SVbKyox9Ix7pM/eagNBxmyHa3Egq2aASFeUdACJ11aYM6hSNay/0qvFmyg2ziPEAXP1HwrTWLhu4mSSFQBspjTLJ5DeZn/4xWL+lTEf7JTue9z0ARPHq3TnWf5FYsGxrtHYszhbf4RXFC1dq7D/7pb/CKnEqe7S8SWzabX9oVZkHMZYBfwgso8z51x7Bq11GdjJLtvzExv5g1rO0fEPTYjEWwCzsyWkAIAW1azZiTyBYkz+lUOLspbA0VvsgkNl00y20XUgdfgN6q4zJWOXLY9kMXbt20S8Ycd1WYQoWSVAbnAP8K2+HxS5c49TYHmx8Og8a45grsaKQg2BWTbk/ZuIdp8RPiK0/AeOlSLbfZ1KHv5VJ7z2vvDw5VpNa0m2+3Qxddh0WOuXT8W/trEJxm7w7F2cPduNdtYi4QHe69woGbKo70mQWSTMRyB1rXpfN3VSPR8jI73jIrL/SfgwuFW+QjG2wADqCIchTEmZGh06UfomrPEXtYj0V7Kbdw/sXB1kCXS4Dz3II5AzqNZuLwqudCA35+Y/jVVwi6MZw+y7sM1yyjFvu3I1IiNmBp3BYjMnorrK160q5yhJDAgd9ZEjcHw13qLFH8SuW2qEy0z5DWodTyPSDKT3x6p+8Pn53qEVjQ70RNhIpKKhNNITSUtCaYJQmiNBNAC1AaM0BNMnzzNLUkWKUYesG6ODS5qlDD0osUBFogKlLYFOLhhQEBtNa3/YyzksN4XMNJ8M7Az7z76xmMshUJ8h7zFdA7KWc9u9Z2L21YcpKs6tB8wuvjV4JyWXA7htBORIUCdIuJ+zZSeWZYHSQvMip3aO1cuYc3cJbtNiLZJT0iLccAwHFvNojkKNwdo8oGBxIJNu8O8T31gA541dAfWncrqRMHQ1Y2OFKT3b4nYZlGdR0zE5j7TWiWWw30j4j0XoThbr4sDJqrZS3JmtRmB5lAI8QDpddjcDewtm4+IuvcxF3vFPSZvRKJIG+RG1JJ0A0GsAHQJwpo1ug/uKf8xPyaM4e0sB2zEGQoiJmZCLoDNAN8OEI7felVP3pEFh4BZPkOs1hfpicrcw+muV5/uWB/A1ubVxr1wZfVXZR6ojqdjGmg8Jjas/9JltHFuRJVys/9NCdfaPjWeftePpyUYrwrtX0f8RVsIkbgRHiOVc6t4G2fsirjDXhYs3DblSEciORymD76mFYh2MWLhYWlVdA9+6WlZ5s7DYTqEGpJp2zxtLTxaFomNbl8w7dAqqItr0Hj7aznF+MlgYVbaTmyJJBf7zE+s3Rdl/OjXFXNSGPUiJX97r5mqlOuo2EtYwM1pRZxSg5remW4vlsynqP51WWEEd4lCGgH7Vl/uk7x0Pj5g0HBeJE5MrZGRu4x2Ruak/cbaP0rb37P1y39ZtKFvLKXrR1DRup69QfGfO4mn+B8afDvluABjtPqPPMclf4H8tbjcLaxuHuIzkqwGaQMytoRoZ5geFc/wCHYlLgNu4JQaQfXtHx6r8Kv+H2r1qGskXbY2gywHSDr7DNUlY/RzxAlLuFewbXonITKjhMpJzAFp1DSYnZhV1xfCehvJjEMBRkvD7yNop35E/l0iqTiHE7mJQLZxb4W8p+6uVvB1cTHkfftQYPtbiUVrWOwVxmAIF2wnp7FzTQsBqs/MVNi5V87ELmTM4Ch0b7TLEz4mOn3Z+1VVie1FtiCSJge2rThR9LasXhaNpgWUKM+XIx7xykCB3ZEgREDfXEdq8B9XvmLYCP30Maa6so8iSI6RS3NlZV5/WO31FC/aJPCsM2KPID3Uq8QYcqfhOq157TrSN2lWsY+NY0K45qNwc1sW7TD5FNHtJ4H3VkWxjU22JbrRsctdc7SHx91RW7Rt0NZc3mPOgLHrR0OFUBRiKQUVYtShRRBRQoacBPKgyraFOraoYowDQNKzjzwFQc5Y+zQVpuzHEy/owrhXWTbJ2JPr226gx+RrIceMXl/DHt3/T30zhsQ1s92CDup2P6HxqsbpNjt9rHWL4y4hFV9ofY/gufaHyQKm2uF2vsu4HQXJA8gZrj+E7XXbYygNHQsGHvdCaft9srv9nP7yD/AC2xWss+0WOwrwteVxv/AKj/ANlPrw1IgliOYmAfMLANchw/bK7M+hB3Gj6z/dI5dKs/63OB38O40622/O2KrW/lO3UrWNsp+zt5S22VdY8XI2Hmaw/bk5vRhCWRSwLdbjd4k+J1PkaymN7bysBbo00Eoi/4ADVhwDGPewNwsJP1hQD4Irz7Juge6sfyTXy1w8o9tKlMB6Jw+zKV2mc3dAA5kkgU7asMd/yqs7X4j0aIhEhs5PdJGkKuaOUuT5qKz6Vpz+5eJiSTG08q1/Y7H2Ldso8Bn+03qncZGnYEc9gd95Gc4hjRc1m2WiJK94x1MHMfFjNVoc8o9kClZcp9Jq/4thjhr/dB9GwzKDzWSCs9QQYPTKedaDs9xlrbLctyTsy/2qDb99axY4i5tehfvIDmSZm2x3KHkDzG3PfWnMFiih5xv4jxHjV4XLWsidgOFw2Ni7afJcG5GjA8wy705b4VibZlHRvGSjfCsLw3jKnUotw/eVvR3Pb/AK1c2+0DKNDeA6M9sj3mtomxuMPcxUQ9tLn4iD8YqzwhIGuGy/guAD3TXKr3bErvcJ8AxY/CBUHEdt7pPcB82Y/kKfj7Ly7nh7xHJx4FlP8AGneJYG3ibRt3AYPONVPJgeRFcHs9q8a212PID+NXvBe0uMVgXe445gRt7t6n+PfpXeknjnZ+7hmhxKn1XHqt+h8D8aq8nhXWuD49MVahyGkao6jbxrG8c4Ctm7GpQ6r/ABE84rO3Xtcm2WNuaA4Y8hVy2CE6aUv1WKXR8qFsMelD9XNaM4akGG8J9lHQ5Zs2G6UPoGrTfVjzEUJw56Cl0OWOFg9KcXDHpTl3tDaGi2yfHr7JpodoE5Wj8PjUayVuHTg+ZB91GuCqJ/WPX/ZnnzFNv2iP3D7x+lGshvFZ/UyI391O27HXSqRu0DfdPhtt02ppuOt90+/w6RS5yPrEHaWxFwyDlZQQ3IOuYFZ5SAD5gdDVIl7rVhj+KG6mRlMTIMjQ8uXiap2Edfnwq8d/LO+/CcLopxL4Gp2qtFyld5q9kucNxRFMw3uH61NxnHDcXTb4z41mAaVLsVczqeYlXrk10zsrj0ODtWVUSWuPEjN6MMT6RlBkS7EAa6BeamuVpLHl7c0f4QTWx4DxK1hZuHPcuMFUsFyqFGyopAAX84nSss7tph4dAUQd+m+lUfau96IG6QrBrXowTPdbPmAkfe28RNVlztxvlsn2x8YnxrP9pO0NzFoqFVUK2bQkyYIH5n3ms5jb7VbEDDYVbhkjcjnp4wZ/M0/ieBoBmDRyiZ19gb86qAXXaR5Gnk4ldHj5iozw/LveNZeTh4UcxVW1HIigfC3FLCMwUwSuo8x4U4vG3GpUTtOoNSEy3VDK5W6Sc2sT0/F8KeOX5J/f0J+1erA706AKPEcNvAyRm8Rzioro6+sCvnInyraZy+qaSF5Dfl40/ZEiem9V4u07ZxUGrlKr7hl1QZOw1NQ24tcuuSXYLPdVZEDltVddxehC86TD4t10T8hV9/CeWu4F2nvYZwAzlGIDBxMeIO4rouH4v9ZQruynMPZofzrib4++QZM+YFbvsFikku92DlgJBJY+J2FTnZZVYy7awYa4TrA91SUwjDePdUtr8cveT+nz7KiXOJEctDznwn2/yrnbHTghHX2UhwwHT3xVdf4qT4HxBOkjx8fgaauYs6SxHOSo94P+tAWF1E0kKcu2smef51Fe/ZB/nUFlkjVWEkie6YBE7bc/fS+iJ+0sjQ7GOcd7XnQHLQpohbPSrhfQDxpxcTZ+5W22WlILXhSraPSrr+kUHqoPbXm4kei0eRpULhmP2fhRrw9/u1ObFOdstAzXDzp+R4Q7nDn+5+X60Awx5gfPkaluTzpPRE/60EjfVB0X5+d6F8Is+qvuGnwqctsinvRdYqtBUjBr90e4Uf1QT6oHsqyNjwmm8vgfjRokL6qPL8q8bYHKrEYT/SnPQwPVjlS0anNo/doGsnpFXBs0y1nxo0NqdrBofq/nVtk1pcgnf4UuRtSNhaYeww1FaL0Y+RTZseE0cjaktcQupoHYD4e417FcQe6AHaQNtAPyFW9zDA8gKD+jlPITU/xze9DaikUoIq6PDE6UP9FqdqeqNqkOtOLielWX9FinLXBixgJNGjVH1nqPjVr2fx1wXlFpcxYhYOuhPjVxhuy2vfhfjV9wrh62fVGXqdyf0qbYqStLkOY6nb2TTYtt08dd+cz7zTSYidjMdelD9Y2E7aadKhZ4KY1g9NhB8BPmZnp00ju0Ebcthpv9mdP9TTyJtFKcGzbiaAYFxZIyyY5SfPX3/OtEzA76e1hPjow+OtOLw86gAzII30/lTlzhze3zikbl+WiAqWlgGpdvBrppW22OlciA8qdt2ARtVsmESdqnpaVRoBS6PlSWuHsdcpqSvCLp2Wrm3fNPLiG60u1cqZOA3PD20R4Cw5ir7OamIojal1RzGbXg+kSKdThQG8VdZBTq2x0o6o5inThw3BpwcLXr8KswoG1Cd6OqeoiLwu23Oibgds1IO9P5zFLqjUVJ7PL1NM3Ozq9at1uGla4aOqOYof6tifWpG7MeIrQF6KKOqOYzDdmm5Cab/q486CtWl0g0SXDT7pcxkX7MXSNhQ/1WueAraZzXgJo7o5jGL2bf7Te6nU7OjqZrUExXiaXVPmKJeFqIhR4zTzYcgd0AdKsTtShZpbNVrh20nWpVm3pBFTbS8qkC2KQRLdlQPVorSqdAnvqxsWRUu3h16UGrThNJAipdjDRrVgqCNqEqKCMW0y7U8COdMXGpuKRv/9k=', 1, 2, NULL, NULL);
INSERT INTO `posts` (`id`, `title`, `content`, `hotnews`, `createdate`, `updatedate`, `views`, `idType`, `photourl`, `public`, `albumid`, `txtSearch`, `rating`) VALUES
(17, 'Where To Buy: Air Jordan 1 “Homage To Home”', 'The Air Jordan 1 “Homage To Home,” a unique split design that draws inspiration from both the “Bred” Jordan 1s and the “Chicago” Jordan 1s, is set to see a full retail release this Saturday after a special Chicago-only version released last month. The two-piece colorway nods to the classic shoes themselves and 1985’s All-Star Weekend in Indianapolis where a rookie Jordan laced up both the “Bred” colorway to match his flight suit for the Slam Dunk Contest and the “Chicago” for the All-Star Game, marking the first and only time he would wear both shoes in a single weekend. He displayed both an air of confidence and an effortless swagger that were typically reserved for long-term NBA veterans, truly cementing his place as the next big thing in the NBA. The shoe is neatly split into two pieces by a long stitch down the middle, with the lateral side featuring all the black and red detailing of the Jordan 1 “Bred,” while the medial side trades the dark aesthetic of the Bred 1s for the “Chicago” Jordan 1’s classic red/white black color palate. A stately white Jordan 1 midsole and red outsole, used on both OG colorways makes for a middle ground that ties the split look together. Check out our comprehensive Where To Buy list for the “Homage To Home” Jordan 1s below for your best chance at getting your hands on a pair of the unique two-piece kicks.\r\n\r\nAir Jordan 1 Retro High OG\r\nRelease Date: May 19th, 2018\r\n$160\r\nColor: Black/White-University Red\r\nStyle Code: 861428-061', 1, '2018-05-15 00:00:00', '2018-05-03 00:00:00', 17890, 2, 'data:image/jpeg;base64,/9j/4AAQSkZJRgABAQAAAQABAAD/2wCEAAkGBxMTEhUTExMVFhUVGBcYFxgYGRgaFxoXGxgYFxcbFxoYHSggGholHRcXITEhJSkrLi4uFx8zODMtNygtLisBCgoKDg0OGxAQGy8lHyUwLS4tLi01LS8tLS4uLi0tLTUvNS0tLy8uLy0tLy0rLS01LS8tLS0tNSstLS0tLS01Lf/AABEIALwBCwMBIgACEQEDEQH/xAAcAAABBQEBAQAAAAAAAAAAAAADAQIEBQYHAAj/xABJEAABAwICBwUFBQUFBgcBAAABAAIRAyEEMQUGEkFRYXEigZGh8AcTscHRMkJS4fEUI3KSokNigrLSMzRTVIPCFRYkY5Oz0xf/xAAaAQEAAgMBAAAAAAAAAAAAAAAAAQIDBAUG/8QAMxEAAgECBAMGBQMFAQAAAAAAAAECAxEEEiExBUFRE2FxkaHRIjJS4fAUscEjM0JD8RX/2gAMAwEAAhEDEQA/AOkNSkJI5pQTFvohA8FKXR3mEjUQBAJMJHEJ9k1w70AKUoKHUeG3JA3mbAdT0Wara+4Fri0VS8jP3bHuHjEHuUNpF4wlL5Vc1EpsieCzNDXjDuMCniQD973VusyfgmDXKiWlxpYoEEWdT7RnauO1kIv/ABBMyL/p6v0s1g6p1wss3XTDdm1YbQF/dns3Ih/DKehCl4TW3DVC9rDUdsAkxTeQbgdmAZmbBMyDw9Vf4svl5jgqarrRhAO1XY3dGbu9rZIzXqOteCLwz9oBJyIa+DabO2YKXRCo1HrlfkXJKbPFUmM1wwVNzmOrbDmgFzXsqTNrRs53+znyUR+vOAif2kQTEbFSRG+NmY5wmZdSVh6z2g/JmkcfU29ck6fFZwa5YEuAGIZcDc4ATlJjsnjJEb4R6OtGDMxiaVs+1Fh1z7kzIh0ai3i/Jl0wcT4/JOiFBw2lqDxLa9Jw5PbE8LHNSxUbaL+fRSY2mtxSLoezxTnjP13LxuLoQI9k8eR+i8KkG+Yn6ooFryk2Z4oAR37hyTJ3J7qZg3g8Ux1K1+vfw+CAITb4dAlZEfBNH6JxNkAyLevW9NjqiAR3ppZvmD09SgGxuJ+qSI9fFOaU1xiOcoDzG8AfH6puwfU/VPpxFkwgIA7fXBEQmpzSgCtciBBlFabIDxleJCaU0jNAZnWbSrB+4IBNUhkG4IcQDnuibLR6LoNa0BrQ0DcAAPALn2tFdrcdhy5wa1pLiTkDDjcb73Wgoa84FsTiZ6MeR5MVk0lqXhTnPSKb8DasRAVkKftAwH/Hef8Apv8A9CKNf8B/xX//ABv/ANKrnj1MywWIf+uXkwuu+n6uEoOewAu+7OQkgSfGe5ckxumMXUJL8RVJcDHbcGxlk0gDPctnrzrPhMTQc2k55eWjNjgID2utO+QO4lZDRlAVm+6IggEAndP5x4LFVltY6/DMOo5lUjaXeuRAwgG0Q+5Hgcsu/wBZLQ08F+7rV22ND3Qpx91z3hu13LP+7NOs1rtzQDO4g9q3A2stbogbeFxjJv7tr7f+29rj5T5rDzOrJNQfivK6/g6jgKdOpSp1BTZ22td9lu8AoxwtP8DP5R9FzbBe0yjh8LRa6hVcRtU7FsTTaySdozfb4biomI9sY+5g/wCaqB8GFbi2PHVFlk13nUX4Okc6dM9Wt+ijVdC4V32sPQM8adM/JcwxHtiqAS3Bsg8ax7/7NRm+2yoDfBtjlWP/AOamxVSktmdIr6kaPfnhaY/h2m/5SFB//nOBBljatM5Syq8GIiJJNoMdFk6PtnaTLsIRzFQH4sCn0PbDhPvUK46e7d8XhRlRkWIqr/J+Zdu1FLRFHHYymJJA2w4AmOABIsLSg4zQ+lWOc+liaFUEk7D6ewAODczHVyHR9qejjY1KrJ/FTf8AFm0rfC68aPqRs4uiJ/E4MPhUhRlRKxE+dn4pGdq60Y3Df75gHBozqUzLf+5o73BWOiteMHVEGr7s8Kg2f6pLZ71rMPi2PEse1w4tIPmDCotN6m4PEy51L3bz9+lDXdSANl3+IFQ4tbGRToT+eNu9ez9ycHh3aaQQRmDIjlCHUH0m2Xq3esHitSMdhCX4GuXje0HYf3sd2H+rJdG6+1KbhRxtIscM3Bpa4fx0z8W+CjNbcl4S6zUpKS9fI3wYvEodDFMqNDmODmkSHC4IPNHAVjUGtNv1TS8dZy6Ijk08ShBHcfXrfKcD0TymgGcrevr5IANKpciCiF54L0xuSGnN0BJLLp8oRbYzBm1726JZB7kASERqjtN/h+aex94nmfl8EAYhNc31ZOTHlAcj9pDh78cQCfksXTWt9oR/9THFpWUphYah3uELR+JKpKbRUWiFMpNWuz00FoNx1T7LB94PHcGOee/sWQdBY8iqC7Ik7XioVauXYpjgwvZScA4DIh1qo2txIJE8QrLHYEUnkAhwaRBG+YIy5XWfLaBwP1LnjW18u3jYutbcEOxXYep4zvVxqMQ4vDjAqU6jO9zCB5wqVmMa+k+m6x4FE1TxwpvBd2Q17drPc4TMLGjpVI/DKN91+xmtYLseY+xUpmeTm1AfNrPBUDCulYvRLHVcXRcAR2hHOnVGRGVp8Vz/ABOCNOo5meyc+WY8iFs0pXVjzfEsNKE3VXyt/wAXGtiCFDr4bgpzWFDvcLKcwqrtMdy8Xxvsd/replSgXZAnogvw8WLh0n58VAD4rBVGND3AgHl8eChe/IWswONbUpAOgyIcDkSLFVmI0O0nsutwI+YWGNXW0jsYjhfwxnh3mTXO1/4KvDY9zDtMc5jvxNJa7xbBWq0T7RcfRiMQXgfdqgPHie1/Us8/Qrtxae8/MID9FVR9090H4FZFOL5nPlha0d4s67oj2wtsMVh4/v0jPfsugjuJWvZisBpSlAdTrgbjLarJ4ZPZ8182bLhY+vFWWiX1GVGvY5zHtyc0kEd43ct6sYU3F3W53TVjQr8G+rSDy/Duh9Mus5jsntcBvgtMixiVo6Y6iOnyKHoxjxSpmrHvC1u2QI7UXHK5KkQSBYjK1p+irZLYmc3OWZ7jQhVZtnnuMePJGIGRQqjoQoNJPL5JO9KY9d6a6PXigG3+iX3sevyTanGJzQds8B4fmgJxdy+C81kJQOBKdAKAZ5JALjrdGDAvMyyj6IB5cgmp6/VLVMj15IbjuQHJvaKyMUzm10/ykrKMWz9ptMCtSItmPERfxXPsRpRjLCXHwHj+qxTTex2OG14UotzdtS4pkov7Qxl3vA7wPjmss7H16lmyBwYD8UtLQ1dxnYMneSPmVXsvqZ0XxWUv7FNy79beho8Tp+k1oDGkiW3AgRInODlO5Sq+Ja0ET96es7/NZLFUC0bDhDtlbwVqVPDYshjCMQKOwTBLXuIqbLP4WFwPDs8VkVGNtDmvitdVc1SKutLbWK2rpRgvI3D4/UJmjtJtcSJj7QIg7zMi3mqgMLcgO4J9GkS8OO1YiYsYm6dgktDN/wC1OU1eKsb6ppEVaxrMBu0ucIuXe62alhcgkGOMhYXE1dpznneZ6DcO4QrmjhcRUILKTwBcOuO8uNvko2smAc0sqVNgbTTt7L2ulzYlx2SdmQWzzBO+1qdPLqzU4hjFWtCHyoqGuccgiUKrGkl42iAbSAOUxdMqOEC9jls5xyUV9Mk3kb7rIc0fisY59gQBwFm+QVbVad+RVgxzA1zjkLCLS78Ld3CTkOcwRUaOJrmGUiW8GstHIkSfG6MksNWtEVXy+zKJt7yo5tOmXA/dLyNoi87MrS0dCsmPfsJ/uU67/P3Yb5rU+zHU7YpGriaMPNmtfnsWIJ/Bcu7O+b7o6HQwFJsAU2dzQsbimzPDE1IRyxZx9ur43e/d0otA/qqj4KdQ1aB/sq5/kZ83LrPZuABbdZEpjgmVB4qr9Ryk6oNqHYOHeTzqDxtT+av9XPZ1Qw7hUqH3rgQQCAGNMyLSS7dmd2S3IjkhMrN48+qlaGKdSU9ZO4zf+XzTXz4p9WtaBc+SEyd56dEKDagnuQXoj3ymvcUAIu3/AASTwlPDUJzL5+vUIBtXy3/kvApakbkAUenDLhZAWJbwTnDPfbLf3JQV4kZIDzCY4eH6L0bkk3lOlANqGM0P1KKQh80BzP2rUrtPy5LBUtFsabjaPNdY9ouHDqDjHkuZ1HgmVjqN20OnwyMZVPiVxtd5YAWtBAzGX5ZL2F0wCQC3re4z3es0b3QeNl1wY8jIVHVoAOax0ANcQ68Wm3kDHXmsMUpbnocVWq0WpQej5fiNBjdHNrtD2G+4/Ijh8FIcaJDA+nWe5jGNjaYxrYAkNDWG0kniZk3Kp9FYw03iTw2uBzPCbStw7AMqsNgTunL8jzV41HTduRq18HSxse0Xwz5lAzEN2mtp4ekC4wC81HRzMuAgCSTG5SMRpFzXuayoG7JguDWU5jfLRMHOJ3xfNVek8I+ntEbUAhsSZAN3eQi25yrq8Q0gm89N3FbUZ5ldHm6+HlRllkrMtK2MY501X1Kgm8El0b4LrAp2sOlqNVzfcUjSp02BjGEgmxJc55yJJJJVJtRv+ai4muIMqbmEh4/GHJpiczvP0HrkrnQepGMr0vetpu2DdgJjb58m89+7itR7ONRRV2cXimyw3pUyPtDMPeN7eA358J66xsWsPXmqNknP9XPZpTEPxZLi2NmmLNAE2sTab535Xm+xmseFw1V2Hp0dp9MAkMDQ0E5NmJ2ojdvF5mNHjawp0nvcbAE+S5RqpQqVMQK+wXMqVQ4xfte9AgAGwAJcZ/CpWrJWqZ1zR9Vzmhz2bDjmJkDvLR8FPY093WV4Paxu05wa0CSXEAAcyclDoay4F7gxuMwznHJorUyT0G1dGkVJ0HwXhZFqZSDaJH5KtOKIO5VAXE1SDmI+ajh0+vFNqVZkmOiEyoLnjne3FAGabiPXr5qVsX9QoAqCb5fmpZrg8oQHns80B4/NPNYDLP1mhtqg+pQCRxQ61rHevOcJjh6GaSZzyBQEcuyAz37vlyKL6zKWRMDNMl24WQE4SlB6JGuShAKCkYmhyc2o02ndPcgHkoLnIpKCXICi1yo7WHfPD5Lg+lmljgWkgwLiy7/rE0uoPHJcE087ZqbLmnkbR3SpRKdndAcJpxzbPG0OIsfoVcUatCvzda0lrrEHKb5C6yjwDkfEfRMBhUlST20OnQ4pVgstRKcej9/+nQqGig95l7tksDdnItM/akXPfzzWo0Uw02EPIMSARN27pnIxzXN9D6fqNIBO3GU/a7j9Vpm6cFVpaDc2Iyc3jI377ha84SW53cJisNWdqfwvp+fi7ifVxbHS95DWbRgndJDQe+B4qj1pwApgOAsTcbriZHgr3R7TttaGgsgkmcnWgbPPNVes2MY6oGFu0B2wJgHNjZi5B7WRB5pRvm0I4rk/TyzctvG5m8dS2HFsgixEEEFrmh7TI/uuCl6jaD/bsa1jhNGl+8q8CAeyzh2nQI4B3BV2nNMGsGAsY33TSwbAgbO0XNEf3ZIC7V7O9Wv2PCNa5v76r26vEOI7LP8ACLdS7itxnjzRsaOEbuXh6CMwG3H16715jPXJPB47lUGW9o+M93hCMi8gDkcz4QVY6o4VtHDsmAKdMOdwkjaefElZ3WuiMZjaGFN2MBqVY/CN3fMd6t9dWChgKmyIdV2aU8A4wfKVZbEpNtJGK1h1idjKoc9xbRBJps3bO5xG9x4nLIbyq7TgpNwziBcgtiSQZ7PHiQnMoucCGENNoJEiARNuk+KnY3A03bLMrEujI7hY237uC0s15XZ7NYdRo9jDTTcyeisViKTZwmKqU85ph7g3n2Z2XDqFdYP2l4+jDaradYDi3Zd4sgf0rzdWASS238Nv6TbwVVpLQ9Vu4P8AJ3Ug/VbSqRZ5utw3EU+V13a/c2eA9qlF1q2GqM5tIqAc4OytTgddNG1QAMS1pO6pLCP5hHmuBVwWmCCDwIgomGxZm9+qvY0LH00KIIBaeyd4O47x14jjvSmkNyp9QNImtgaRMdgGnP8ADYbrdnZ8FeOztl8/09XVSCLVHLvXiIEhPqs9fCENxAtEk+roAdV034egkv6/TqlAvEc73HSUoFhaCZnkgI4BnP1kmuxLhYDzRajomTYDM8uMpjsMCZIBJ3yR5BAWMpHPPknEpnu5MlANBRaJ528vV0xwjf6hPZa/6ID1VMlFqcEgYCgAVACIORzWfx+rFGpfZErTFkJhB3FAc30hqTT3C/T8ljdN6stpmN/L6LuZZOceH5+Sz+sejmlpJEiDe3qUBwXF4I0zInjbdzRXaQ29kmA4ZkGJO48irjWbDEEHdcHyhRqTKTwBA2soKsiSXgtYHtEWcd0598bvVkHSWKsXOEvdcnyEcABAjkjUcI1gJAA6KpxLXVS7tDsxAOZmcukHyUKKjqZp4itVShKTdti69m2i/wBox9KWgil+9dOUNIAnj2nN/NfQBMH1zXNPYvorYo1sQ6C6o8UwODWXM9S7+gcV0hqMwtWC0+IUPSuOFNjnu+y2ZNhu3zxUsgBZLWHDOx1VuEpyGS11d4ns0+H8ToIA79ygglezbAuq++x1QdrEEe7ndSElv80zPCED2tV+zhqX4nud/K23xW1oUm0mhrQAxoAA3ACwWQ9qmHZUw9Oo1zdulUaYkSWuIa4fPuUy2Zmw/wDdi+9fuYLCsaXsL5BbdpkgXEXgwbb8lKfUl7ncTA6C3xlCwA22EHMTs8QdxCz9HSexUcwyAHETmM7SNx5haSi3sexnWp0Ws7tc3GHcNlQcY+eaXDYlhaIPnbuKj4pyqZob3KvGYdrhDgCOd1R4jQjc2Et5Zj6q+rlQar1aMpLYpiMNRrL+pG/7m69kmK2aVWg8iQ4VBzaQGu8CB4hdApPEnjl+q5FqNjdjFNH4wWeNx5gLp0xln09HetqEsyueQxtBUarjHYmv5ZoTmDMC/rgmMc4C9041AJn14qxqDA2988gfr63pahAsnjLj9UF0nqgGuO0LzuOXReLY3/D6JrZSh3r0UBPASgJgNuCQO4lAKGk8bWv8RyRWiAgPqAkd6Uk5FAFB8fXruTnGOaCx8G5T61XgJQHmvB+SDUaAZPjvSRGVkrpQCOjpKjaRoB7SDwUptuE8YumZ8/Xn+aAwGkdVzcWgzbdCyOkNUCJ2ZHLcu1Gm3fvz6oD9GtcT3359/XyQHBa2ja9OReBu/I/VV9BuztbVnHcbGF3vGaCpvzaN/NQaOp2HJ2nsBG4c5zU3LRlldxnsxwxZgmntdskgGIAm8QBmS43k5XsANdlz9ed0Cg0U2ta0QGgAAbhu+CyOtGuwpPNOgGveJD3Gdlp/CI+07je0c4VW0lqZIwnWqWitWarEYgvOwz7RzP4RuJ4lUOsGsLMA33NAB1Z1yTfZJ+8/i47hwHCAslh9d8U1uy1tEOM9rZO1f/FE9yo3bVUuc5zi98y6ZMnMgneqSqq2h1MNwqSnerbTl1JWMxdasS6rUfUPAkkTwAyHcAEWng2DOB1stPqZqe7Ej3lQuZRFgR9qoRnsk5N3F2ZOUZrW6Xdo3RrGk0KXvHw2m3ZD6rzl9p0uic3E+JsscablqblfiNLDyyRV+5Wsjnui8I+o/wDcNfWOzshjBLJ/E5+TeFypum/ZRXaBUoVWveWtL6buz247Xu35ETkHR1XYwwAQBA5WCQhZoQynHxeOliLK1lv1PmXG4fE4R0VadSi7g9p2XdD9l3UFTtH6WFSxsRunzHLluX0LXptcC17QWnMEAjvmyqf/ACrgJ2hg8MDxFGn8gpnTUicHj6mHl1j09jiVeqJjechvVlo7U3G4i7aJY38VXsDwPaPcF1vF18FgWbb/AHGHbuMMYTyAAlx6Ln2snthY2WYOiXnIVKstb/hYO07v2VRUFzZu1eNSlpTjbx1LPAaj4XBt9/i6wdsXJd2KTe4mXd5vwVroLGtq0KT2mWuYBJm4HZkg5Zea4hpHGYvGP95iqznRcA5N/hYOy3wldW1DI/YmtbfYc9uZJzDvg5XTjsjn14V5R7Wr6mnpMECPsxaMozFotZOe6ENhdGYBO/PwEor2AiD55EZKTTEY+RPr4JGHObH1mlbaEw8eXrkUAySZ8vNM94eCWqQmAjifGEBaZ96YRCdmhvBy3IAlIwn1HWPJAYbJzWXQHg7p6skceXz8E9gAF00kDf0QDWt7t/6ojgmFe3DkgFanbPFNB4eu5J7zyQCe7P2rcjbz5p8xa6G6pCBUxYsBJi1vUIAprx5ysfrrrqMK0soNFSqPtC+yxpBgujMkizZBzO5aOpRq1BAGzOZkz3bgs5rJqA+pSDqDv3gkuYbCpO+fxWi+alppXMlKMZTSk7LqYqtr7iMUzYkUhADxTnada52jdrTwbfmq1rLxawgAZXE2538U3BYBrSbBpyI6WIjcZV3hcNF2jvNz3Dd5rVnK7PUYPDKjTS0vza59AWjtEVaj2MYwuc4dkSATAJP2iBk2VvdX/Z0+QcTsspiP3bDLncnOEBo47MnO4WZwNf8AZ61HEf8ADeC47y3J3lI713BrgQCDINweIOStSinuanEsTVpNKGifPn+bEHSWMp4XDvquEU6LCYaIs0Wa0eAHVfPOltM1K9c4mqZqFwdG5oaQWsbwaAI813TX7RtTEYCvSpCXlrXNaPvFj2v2RzIbHevnipmQRBGYNiDvBBuCto88fTei9KUsTTbVovD2OEgg5cjwIyIKHpHTWHoCa1elT/je1p7gTJXzPQMuhgLnHcyS49zblabRGoOOr3bh/dNP3637vlOzd5t/dQHRNMe1XCUwRRbUruE5Aspzzc8THRpWNx+vukcU/wB3h5YXf2eHp7dSYAIL+0bHeNnjbIafQ/soosIOJrOrGfsM/d0+NzO07xHRaPWepSwOBqmgxlIuGw3YAb2n22uZALnSb2UN2ReEHOSiuZwerga1V7nVXO2pIJc7beb/AIiT8YRG6PZTyF+OZ8VaAQ0DL16HcotdacqkpHqaGDo0dYrXqyC8roXsvxILK1M7i1w7wQf8oXO6q1vszxEYkt/Gxw7wQ74Aq1PcwcRjmos6kx3Kya+yQuI6d6Y6eg67lsHmhrs15h5eu5O6iPD68glqNlABeTvy9BNSVLEcU6TyQFgw8fXVNddeBSgWQDAzh+SK8gC/oprQlDQgGF3TwQ54+KI8XQ3GeKAa58Dp68VGr43Z6dbouMdAJta6w2ksa6rVbQaXAOPaLRJDRmQM+CAi6w6/VPeFuHIa1p+0QCXRbfk3z6ZIND2j4n79Kk4f3dtnjdyWr7N6rpdh69KoJNnS1w5GJE+Crq2pOOZnh3O5sLX+TTPksUs6Z2sPSwk42bV/Is3e0ar/AMrTnm5x+iA/2iYz7tOg3ox3/c8qqOhq7ftYesOtJ4+SQYF29rh1BCo6kzehgsNySLAa9aRmffAchTpR5slbXVj2isf2cWz3b4/2jGkscBltNEuab7pF9ywdLCBSW4UHMAqFUkmWq4GhONstvDQHrS2nWxtaphxDHO2haJOy3adEWl20e9M0fWMbJzHH1mpYbFmtPcCo+Lwz3XbTftDg11/JVbubMEoRSXINWqggiV0n2a6b99hvcuP7zDw3rTM+7PdBb/h5rljcBiHC2HrHpSqf6Vd6n4XHUMVTqjC19g9ipLHNBpuiT2gLiA7/AA81em2mamPpwq0XqrrVHZSVBxui8PVM1aFGoeL6bHHxcFN2U3Y5raPLgMLhadMRTpsYODGtb/lCPKUU17ZCAbtXXLfarpoPr08M02pDbf8AxuHZHUN/+xdTgQsxidRME+o6pUpve97i5xNR+ZvkHCByCrNNqyNrB1adKpnnfTocd/aJQ6tQLtlPUvANywrD12nf5iVJpauYRv2cLQH/AE2fRYexZ1Hxanyiz57qvC1Hs9wlT9rY/wB28MAeS7ZcG/ZIF4jMhdnZhWt+yxjejQPgo2LBAJJyvwCyRpW1uatfiXaRcVG1+/7EZ5+PWOvDh3psx4euq8Tvjr67kCo47yLmwGZtfzVjljjUBOdzkAe75erojT+qFTbBAHfxyuT3p9QoBj+/mhUySJGXQj4oj3RGU5cvVikHRASgU4vztKCTwIRWuugC03936p8hDZCUO9QR0z3oABdf4cE8pud/Xd+acDw9FAVel65awlcs1iq1WvFai5zXsObSQY+fRdcx1DaBFvmstidX5JcM+HehKdnczGh/abiWQ2synWA/ENh/i0RP+FbbRXtNwb7VG1aJtmNtniy/9KyOL1bY43YPn9VBfqiNxI6H6qLy6mz2lGXzRt4HZ9Haw4WtaliaTjw227X8pgq2aV8//wDlF34z3gFGpaExVP8A2Vd7Yj7Jc34OCnM+hXJRe0mvFex3xOC4dRraVaOziqpHN7z47Uohx+l4/wB6f/MePADgmbuI7KH1r19jtqTvXEamkdLgwcRVykunsjqYSjH6W/5qp/MT/wBqZu4nsYfWvX2O2k8/gmk81xtulNMRbFf0sPxYiMx+mHC2L8KbP9CZu4r2UfrXr7HYCUm0uTGjpV32se8dGhvwzQnaCxrvtY/EGeFSoPLaTN3EZIfV6M69tJNpcbGrdY/bxeIOf9o5Ppapk29/Xnm8/P8AVLsZaf1en3Ow7SQvXKDqYIn3tc8tsweMoh1GpEXdVM8Xz4W+qXZGWn1fl9zqDq7Rm4DvCj1dJ0W51aY6vaPiVyxmo1A5gyT+I8OMZKThtRsNYupnmNp3W8b/AI/Bdk2pdX5L3N3idaMGz7WKoD/qMJ8AVS1tdsJUe2jRe6tUeQAKbXEXMElxAAAzJ4BQqeqGEGVBnUja/wAx6K1wWFZTGyymxo4NAA7wAB+iXYfZ8rkpzuUg8/OyeGzFssrXEi6GTnaN3ki0+Hw/RDEIxw+fL19UMxcjf33ynrZO2bHqULatPHLzm/regELp+HryXjUjh3ymxv3802Ty8J80AfaSucbdd6bS+Se/JAHY9PL4UKpUPjKOwoBzheenDinVHkCAAme8MA75j+qEQ5QgPPb2fXwQqdIE+vUJ7HT65ojBbJAQKuHyHHJDOjxwHNWc39cikcEBWN0a0zbNL/4a3h3K0aIEpXC45oCq/wDDxwTm6OB3KyqMQ4hvj5ICDVwLeqjnBtGY+isZmPD570CiZE8OvNABpYZoEAEde/nmifsnT578z3ojqh8p+CexmfUDyCAjUmjPjkQMuJFo9BFoULSQTl16ndfNEoNz5Anv9FGAv1m271dAQ6lARG4b/hCGyjAvn4yMlMLRlzHnEoNSxaJO8cciAM0AxokEiYIGW7O3rin2iPC3qEu19obonvM8EECSevxMFAMibmAbQe+d6I0OvlNo6oD8xzN8uqUOLiBMD95IEX2ZAm3fZASRVGYFznx8MyjKvb9oDKRPrxKfSqns8x8/yQEym/aEkETuIgjqkI4+gvPd+u/ivbRkjkPOUAm2OXhvz+qR43+CYSlqnLmflKAY4wM9893eg7I4fH6p7/Xgkp0LZny+iA//2Q==', 1, 2, NULL, NULL),
(9, 'Nike To Release Authentic And Swingman Michael Jordan Jerseys To Celebrate “Last Shot”', 'Jordan Brand is celebrating Michael Jordan’s famed “Last Shot” in a variety of ways – the most notable being the re-issue of the Air Jordan 14 worn during that epic Game 6. Today, the brand announces the release of an authentic version of the Chicago Bulls jersey worn during that historic final moment, as well as a Home and Away version of Nike’s Swingman jersey. All three jerseys will come equipped with NikeConnect technology which will unlock early content to the “Last Dance” Netflix documentary by ESPN, which is slated to debut in 2019. The authentic Chicago Bulls jersey is $400 and comes in a soft touch box with magnetic closure and clear window. The Swingman jerseys in Home and Away will retail for $120. The special-edition Bulls jersey also celebrates Friends of the Children, a national nonprofit that selects the most vulnerable children aged 4-6 from high-poverty schools and the foster care system and pairs them with a salaried, professional mentor who stays with them from kindergarten through graduation.\r\n\r\nNikeConnect Michael Jordan jersey\r\nRelease Date: May 31st, 2018\r\n$400 (authentic), $120 (swingman)', 0, '2018-05-18 03:25:00', '2018-05-18 00:16:00', 15067, 2, 'data:image/jpeg;base64,/9j/4AAQSkZJRgABAQAAAQABAAD/2wCEAAkGBxMQEBUQEhIVFRUWFxYXFRYWFRUWFRUWFRUWFhUVFxYYHSggGB0mHhUVIjEhJikrLi4uFx8zODMsNygtLisBCgoKDg0OGxAQGy0lICUtLS0tLS8tLS0tLS0rLS0tLS0tLS0tLS0tLS0tLS0tLS0tLS8tLS0tLS0tLS0tLS0tLf/AABEIALwBDAMBIgACEQEDEQH/xAAcAAABBQEBAQAAAAAAAAAAAAADAQIEBQYABwj/xABFEAACAQIEAgcEBgYJBQEBAAABAhEAAwQSITEFQQYTIlFhcZEygaHBI0JSsdHwBxRicpLCFSQzU4Ki0uHxNENjc7KTF//EABoBAAIDAQEAAAAAAAAAAAAAAAABAgMEBQb/xAAsEQACAgEEAAUCBgMAAAAAAAAAAQIRAwQSITETIkFRYaGxBTJxgcHwI0KR/9oADAMBAAIRAxEAPwC6iuinxXRXQMgOK6KJFdFMAcV0U+K6KBA4pIokV0UADIppFFikimAPLTYosUkUCBEUkUWKQrTECy0mWixSRQALLTSKMRTSKAAkUjGBNWWC4eXBuN7I28dY9Kg4zD/T3EA/tLYKj9q3PLyMe+s2XUKLpdmnFp9yt9FZieLKmmVj6fjQbPSCwxylih7mHzE1neK2vpNGZVAkgHmToB3DQzFUOLeTEk/nvqmOomXS00PQ9RRwwDKQQdQQZBHeDTorzjgPGHwzTqyE9tPvZe5vv5+Ho1i6rqHUyrAEHvBrXjyKaMmTG4MWKSKJFLlqwrBZa6KJlrstAA4pIomWkigBsV0U6K6KBjaSnRSRQBdxXRRIroquyYOKSKJFdFFiBxXRRIpIp2AOK6KJFJFAA4pCKLFJFMQKKSKIRSEUACIpIosUhFMQKKQiiRSRQAMikS3mIUc6IRXWTDAnv+8RSm6i2OKuSRqsHbU22TYAegjskc9CBWF6UX2tgXV0uWWzQdyBo6nwIkVcvxEppm1WM0GCRofjWb6RYwZQ8iWE5eYBJ19IHzMGuTdnUSoyPSPFAnMp7DjOnk249xkVQW9da7FXtOqOysSh/ZY6r6wfWm2jUhXYZBqw/O1bHoRi5R7JPsnOv7raMPWD/iNYyw258TWj6Ej+tH/1NP8AEn4VdhlU0U5lcDcgUsUqingV0DADy12WiZa6KABZaTLRstJloADlpMtGy0mWgAJWky0YrSZaALqK6KJFdFUlgOK6KJFJFMAcV0USKTLQAOK6KJFJFAgcUkUSKSKYA4pCKJFIRRYgRFJFEIppqQDIpCKUmuoEMIod5SVMb8vMaijxTSKGrVDTp2ZnHY0kZlIkejDuPyPKPGsrxfiEg7zzB0IIrSdJsG1qbqAlD7QGuQnw7j/t3VgMddzt5Vy3BwdM6ampK0RLsnXnvTw+kjfl50gTxpEEGB7ifjQIlWuyAP8Ak1teg2DID3jzhB8C3u9ke41meBcKfEXMq/4njsoPzsOfqa9PwmGW2i20EKogfifE7++tOng29xnzzVbQiingUqrTwK2GQbFdFPy0uWgAUV2WiZa7LQALLSZaNlpMtAAstJlo0UmWgKLWKWKdFLFUloyK6KfFdFADIpMtPionFLhVAVMHMB7oYn7qG6CiRlpCtVdviD84PmPwo68T719DS3oNrJmWky0JcenOR5j8KKt9Dsw9Y++nuQqEIppFGimstSFQBqzHHeldvDsUUZ2G5mEUgwQTzPgK0XEbhS27LuFYjzjT40IdHLOHsoFRXuRDXCJJJ3gn2R4VRnzOC4L8GFTfJ57/AP0G5M9WjDwDD45q03RvpPaxsqsq6iSjRMfaU8xOnp3isd0kwzG+6tctjJvJgAxsNNT4CqzhrGxdW8gh1MjuYfWU+BEiq8Wd3yW5dOvQ9jBroqHw/idq/PVXA0RIG4zbSPUeYPdU8Cttr0MLVdkd0nT8mstxbobZukshNtvDtJ/CTp5AgeFbArTClEoxl2OMnHo88PQNx7N1PerD8ZoXDej1pcX+rYgsTGkEhXkSpncTtodwB316Bj7nVW+syM5JCoijtXGM9lfIAknlGtUOObr7zsltLaJ9GcXcBIAVj7AOmbMTGXXaSKw5nig/L2jdhjlmvN0y5wmCS0oS2oVRyH3k7k+JqSq1G4TjVvJvLLo2wncB4BMBon1HKrALW6Mk0mjDKLTafYILTwKeFp2WnYgcUuWiRXRSsAeWuy0SKWKLAFlrstFiuy0WAHLSZaNlrstFgWEV0UtLVJaNiuinUsUWAyKruNeyg7yx9APxq0iqbjzdpB+yT6mPlSk+ARWL50vWawf+aHM0O7diBNVkySH3FOzVXi7p409bsazrRYUT1buMUYX3GzH36/fUG1dJqRn500xUS7DtcDqxGwjTvn8Kp+k3TA22TDojKG7IusIUltDk1loJB5cu+rjhX1/8PzqFxHo3hrt5cVcLh0hgoIytlOZVEjs9rcDvPfVWpVxUjRpZeZxPL+kXD71rEvbuEG4N2BnfWQSNj60NbBAGtXfTHEYk3TdvWDa6wnskpJIkCIMmI38uRE0CXS2n3VnV0amlZoehK3BjVyCUKsLmmgGViNf3lTfv8TXpaisl+jx+xdt+Ksvv7Lfcla8Cujg4gc3UPziRSEU+K6KtsoKDpLgsQWs37edrVsN1iowUkMSGVRoSSpPP3isv0l4vZuXOqtrcdFti3aTMyKriVz5SNSAEhYjUgzFeooQ1hrUwSdPf+TVR0b4AuGF69c2bYMdYE9rvBJJHeI9ORldTa+bOzhdwT+Ejzno3jLmGurdYHIWNtzrrEZhEe0sgxuPfXqSrWPw2LGOxqoFUWLIzqiqAvZgINPEjTwrZqK26VvZyYNXW/gblpYp8V0VpMwyKWKfFdloChkV0U/LSxQMHFdFEisP01xzNdCW3ZTb1kEgZ55c5AjXxqE5qCtkoQ3OjaRS5a8zwPFr1q4zrdzdYp9qZJA1bfcAHWotzj90nW5cPdDtsdeXnVT1C9izwH7nsdLSUtWEDqWuFKKQEfiD5bTEGDAg+bAVncTdLFSxk5RqfNj86u+PtFg+LKPvPyrO3m7fkqj/KPnNQb5JroayzUW6NalkTzoeSfCkxohK25zKI5EnMZ7gAT7zA8aCMTH1W8wF/GaH0oslLRuW5DdkZlnMBJI1HLUyPEd1RujwuXbRLs7HMVB0UDQRqBJ1mq781Fu1bbLnCXVMwdeYOnwO1T7R9/wAqgYfCBOcnmSTJ9anqtTRUyz4Ts/8Ah+dGxlksuntAhh4kcvfTOEL2X81+41NZatpSjTK03GVo8w6Uy5uXOp624ZNy68gWlDZURFLQCBE7sSW2GgyeHxYmNu+K9l4xwm1i7RDDeO2pg+yGXX6whhv315ZxngLYW5lLKy8mGh/xLyPr51z3UW43Z1YuUknVFp0S4qLOJVnMIwKHuUMQQT7ws+E16ZXjdpBAjWYA8SdgBzrQp0gvYWyJu5ozBVYBpYDKtsHfKp1ZpiQEGs1pwZaVMzZ9O8klt7PRJpQaw3Bumdy4pa5aQBd2VmAOXtOQsMdF89WQfWqdZ6d4YmGW6viVUj/KxPwrSskWuzJPBkg6aNTctzEEqQdCOX41UdPcdctYTImoMBjzjmfHf41N4bxaziP7K4GIEkahgO8qwBjxpOk2FW9hrokE5Dp+0AD94rDrIq1NGvRydODM3+jfLkvfbzLJ/ZIOUeof1rbKKwf6N3Ge8O9bZ9C4/mFb5RWvC/IjLnX+RiRSxT4pQtWWVjIroomWuy0WFA4roomWkiiwoERWE4lw3FXr4tXySvaK3MqhdYnbkNN40mt/FZDpjxRrV+1bgAaMCVYltZMFdQOzVeSq5LMd3wZbiPRvFoWCL1qwCCpUjXWUHmPiKrcRgrSkAl7ZgSsZjPeSSK0nEek2JjRURlXPmBUAqCANM0TttqddKorkYwm9N4coUBwI3EkjmT7orLOl0Xxt9ns81wcTEid451S8dv3beVldBb1DhlJnT7QnKPGPWqzolF24b5fMwZ09sMAFCwoIkEDXWRuK1mY2ApwoYNPBoGVPSd4tKO9p9AR/NVIIq56SWLj5MiFguYsQRpOWNzPI1SpZecuRp7gJO08qrfZJdAOKYZrlsrbbI0ZgRodCNJFVXBsBi/1m11l3NbLqGEgys9rWJ28av7lm4J+ifVSB2GifHSoPR7h72sQrOBAVzz3CMeY8KgyaG2bhfCq7kyYk6DTPHd3VLZQrqoJ7RA18mY7fu1GwtsHDqh+yPWcwPrFFtkPdtvyBO+5Ygrt4D7zUiJoLvR/XS56p/vQn4FcGzqf4h8q0Rpbd3LI7xTm1FWEE5Oijw1prVm4frkDIBr2mIRd/FgY8KgrfzXyXc5A2VTyEDKtyB4wxjxq3xLAFQWIAIdm3MmVQ+Y+kaNuwKocbdtLoiM3i5gfwrt/Eaw5cknXJ6P8ADNNFKT298X9+X/eS9s3UsgqXCFiXIuEZSWjVGJy5dNIP4mouPhziQ5Np3GoCEXSe7sW8zA1V/wBIXB2QxI+x/wBoeOU6E05LzkdpzBEZRonmVEAn3VW5RfLL1+FST/Nx/fj+QHEeHWWfOLYttrqD9K2ac0hSVtTrJkvy7ANYjjHCsR1mZkzyBl6sEqqjRVCj2QByreMK64wAoWV9ehrh+HYor59zFnCvbwebKyyialSJZ8XLb79mwgqBh99Y/Pn7q23Fry38KLW7HNaGo9sOcTZEd7kMg8jWIW3mvWrSaG46IPDOwWT5TWjdaR5/U4vDyyXySMPiHs3RcRsrqZXy+YjQjxPfXrOGvDFYUOVgOmaN4ncT3TWM4j0JFq3na+xMSQQNYMyF5Ad0mtRwVI4bbIIgWpkzENJ1jaAZ9wqE5bo0URjUroyXQa71eNKfaV08ypDT6Ia9Mt147w3Gi1i1uk+zdEnbss0Npy0Y17GlbcD8tGLULzWOAp0Vy0+KtspGAUsU8ClilYwUUkUWKQiiwog8TZls3CntBGK+cGI0OteRcSvO7K5DhhAGZmJABnMJ1Os+Wte1i3mDL9pWA8ypj4gVi8VftIua4lqBsXRD7WhEkVVkTZbjdGTuY8XkYtbMnsM2gL8gxEQNFG3cKp8NhbigxCgsSJLajkfhHurbYzhRfq/1ayGVnGcorFcrAyxyggxpy5mkwnB8ZaBUYW2ATP0l4ZvZUciumnd31S4u+WT3ccGp4vxA2l7NtnJB9mBEc5Og1ge/lvWa6GXUS6wDgC6estoSMzhs2p1nZAfGdRzofEuneGQnL1hkZQyiIB3YSdYmYI1y1T9DuN4e11SsrG4C5d8uyai2sAeyA5M987yK0b0UqLPVA1OVqrMDxO3eYqjaqoYyCAA0xqecCaLxDiCYdA7yQWyjLB1gnv8ACpWhUyxuMcpiNjvt76pOB3nb2hLSZGgI0kFyPMaDvoWI6R2HQrNxZ+tlHZ8YnWhdHcQbly4z3DGYBVnRzlUBsu49kmJO/hSsKNVJjuNUvSG9ksXEkljZvMIHILGv8VWzXIBPdWW6Q8TtMt4B+2ti6ChXVSSqkT7xpzkVFkkaHg6xhrKnlbtj0QUc4dDuiHWfZG/ftUbhYK2lBjZYA1yjKIE8zz99Ss1SIhZqp4vjuqbeBv6A1ZhqoelGFLlCPrAofv8AfoW9Kpz8wLsDSmR7WP8A1hFKkHMMxMgBYPVmTyAK+p7zUYYUG4tu4WGYuDGXKuQ5dWnXtFRAH1hrrVNwXCnDi7h7jBsitdXuHZcMx/dnMB3uTvFXWb+sgd91/ji8MPnWVQT5Z6CGqyKChDj8q+eeyALi9Uz5AGCXXUMzMCEYKuYrl1lLw0/Zp19gt0ryUhWiQCUAVyoJMAsGIk86hWJbC+eHYfxYth/PUniVshrriILXG9pc0dYy5sszGYETFRyRVcL1NehyylNeJN8xXb9W39fb4JXEWyhgcsi7eAhFSER8gGm+qk1S4/GABFFu45ZGuM1sgm2ouG0ItxL6iSAQdRtBmbj0e4bkKxi7iRCgsYGIcTA15j1rP38VlZGCs4RGtuEUO9tkxAvB2tyCU5EyIg92s1FPI+Ch55w0UHGVO+X26tkPCX4u63Qbd8aXAGXIVci3cIaCpR118CwBM03gxzcZt5ly9s9n7LAFio8mUj3VH4iyEWzb1QqxBkkHNeuFolVIgkiCJEbncv4Lc6zE2mkdcrpGYkdZqAIaD2iIBB9rlrNSa5aRizXLHHI+32ev8ZwoNvMQSANvu099R7qBcKqgARZVRH7sjTun7oq1W+GtEHlIIPeNxVH0ivFLS8oUER4CAI5+XnWe/Qor1PLsavbaQBOvfE6gSd69d6PYvrsLZuc2RZ/eAyt8Qa8dxOL6y6zRuZA10Eacu6vSf0d3s2Dy/YuOvu0b+Y1uwOnRi1CtWbBKIKZbWixV9mahAKWKqcTxrq7pt5AwAknMBAGrkg8gI2J31iqTjvFDauZw3tMMmRv7RQARpt9Zhy3FVyyJE1Bs1WHckMDEqzLppoDppy0iiVG4fczZ2kdoo2m0m2qnXzQ1JJjU1NMi0dZuDNIPsnX3ViukvDlcXbLSAGaI37JlfuHrR+kPSQYK9ltqrypJ7UdqSY056H4VHs9MrL63cKGcwSQVM5vZJJE/8VVLLC6skkwHBraWLCLmYWtTcyllJMGW7J30GvhWV4lxa2zARAQBVPU27mYSTJZmmZY6a7Ve8e4wHZP1dRaUEZ1bZ5Ps6aQdRO+tZPEcPRmJLxrzB2/OnuqqWaPoyxcdmcu3SZEGJn8KS1cYaagHfvoGalmphZssDxUWsPchrWd0C+32wGKyCPIcvGtNgsecVhgMylszXHAI0gZQSSdeyPPlXkymk91SUqE+T0U3lzDt2wpQOrZxqMxXQedaDou6G7mtqbkAg3Q46m3EaH7TazE6CO+vJL8BLXfDk+P0jAfBaAl1hsSPInnT3Co+jLmLDWnbWMr+8CRI9KxPEkBuYtVvtcXqgYOUgM9+yDDTtGX1M7V5rZ4tftghb1wA6kB21jnWl6KY4vaxbtuLdkEkkgzezbcvZpSk3QRjR67YIVYGgBOp0zGdW95nWiddrHOJjnA3PxFfP2E43iAFAvXSBpl6x4I0AXQ6CjDjGIDBzccMJ1zMDPMZtxyoeT4FsPfkuc6bjtbYP2XUj1yn4E14dwviN97ily7rJzbmOyfwBq1/R9xG7dxyqzsV6u4cpYx9XUjmdqjPJafBOEPMi3wBF/iFxLglcqAiTBy3EMHvHYII7iavbzsjo4VWAXtF7gRUu9bbvAtzbRE0GpkxsazfD2Y8SvhSLZZWyNvkYjRt/qlh7xVo2Gsoc967kJANq2Ea4yWQMtqTIAJVVO8wQedZ4t1S5O4sWNxjLJLaqXPzb/gJbyCz1IciFRQ62w05XNxoDMpAzFddzk1AmKTD3gt3O7vePZBDIltcq3BcIyqTuQf4jT7Bs3QwsO5dQWyXEVM6gEsUys0kATB1ImNqgYjFW8LZF66C7XD9FaD5SygkNddgDlWQQBuTPITS/wAl7TWo6FQWZNtRpdu7XXHH6/8ASJxku1m7bW9bIfOWN+2UKl2DMRctlge0Ae0APKqvG4tVYyUKvdxRS5pAuTbdIujb2m5xrr4Q+KdJbdzT9TSJmDevnXv0IoYxAFo37HZtswt3rDdtQxUsB2tHQgGCe0PjV6uvMcmcsMp1gte1/bgJxUg54I0xGLAjaOsRx8HovQ4f1wOBmZLdx0XTV1QhfSZ901DxdxIVLdsW0AZ/aZszOFzGWMgQigDWIMkzUKzeZCGRirCQCuh1H/NQb81ouljlHBsfas9m6Lv1mEBZs0FwDpJCuwGaOe0+dM6RYcXLLDmANfBdQD3isH0L489vEqHcm2/0ZliQCfZbXxHoxr0PimHL2yvIis2TiVmfC90aPHS/bLTzO4jTw9K9A/RzxBAj2TmzXHlYGglVXflrFYDH4M23M6GTHuPOrPgVq4zZLZMG3fLDv+hcJ/my1pUq5RmkrVM9Ks8Qu2pdyzhBOUmA2kb++fdUS701eDFlV2iWZvOYArzlOH4st1cvsCYeTqTHPw5d9WeC6M4yS2Yg66ZjqfEdx+dKeWT6dFOyi04lxy7fgmAS41URMZYB11HamNtAeVR+J4y7iUVrlzNBcHaVJUEAA6fDkajYfo/imuuguEBYMZ8upAiAT4Ee7lUXi1u7bwz/AErEpfthgSNQbbgxBnKTk351TtbdWOmXYxLthsODcIZjdttrBbqrpdZkgezdB9YqXwqyhDLefMSjZbbSFVkNpjDZuavt4msfZs3sRw0rBZlxQOsSRcs/jaqufDumEbcFL6sDsQr23GYd2tpdatUFdsVGy4xh0zqVAAKDQGdSzDbUxqNu+qnEW2ZVIJ9jKRoDCSO7kWA91ZS1ndtSTuZJJI2kg1d8NQ2EN68lwqwItXCexniRqTrzNJ4+bGlZLxQZgtwg6MJ7JM7GfdUvHWrkqbaAoUBUm2GMazJJBmQeVaK3ewd22pF22GdWE9nKIgy2pymFiec1m343iLBNpLhCKTlEAiCSdD3GZ99LYxpIwPhTiasf6LjcN93yrv6OHf8AH/ate1kLK0DWuFWf9Hjv+NcOHCjawsiYoaIP/GvxLH50ECrY8PzRpMAAb7AADbyp68GY7W29yuaNoWU1X/BXK4TExzfDqf4cS38ork6N3m2s3D/gf51eYPgVyzg7ltrRD3r1tUBiSRZv+Pe1JoZiVYamN+X41N1a2bjDnE76wJ15GrpOhOJ/uT72t/6qKvQvE/3UD99P9VJpe4WUnAbv0yqCQO2SJ0MW3jT1rSfo5wxXiDAafQXCNIiWtifjXYHobftuHNsaSNLttd1KnkeRNabo90fXCC7fi4G6sJ27lu4CGYGBlVY9nnVeThWWYuZJFJZtxxK4AZBDD1KmPvrTY3hSvir91yl7MSbNq3fHWO7OgReyDlAUtp4AaVh+B3mfiE8gXgDb2SQK1fFsYMJayJ/bXV1I3t2mHwdx6If2tKoblKkdrIsT00Zz/wBW6XvdfTgjW0t2+KC3a9jM6iGLD+xYN2uYknWoXEOH28SloPeZGtdZbIW2Gn6ZyhzF1A0Yd9WeBw36rpAOJYdvmcOhHsAf3hHtH6oMDWTVbcV81wqjsuZSCFJBggnYVOeSpeUNHoVLA3m4Taa/ZP6OyB0gsWLS3rYfC9m2VCgWhe65QoJaBIOYPpPOs/wsZsJfH2blhvVb6/hVt0k4Oty/iLq3tSbt4IbN1SVktu8esVVcGuk4XE2zsDZuAdzFsjH0IFXPpnJx2skbVdAEuGMvdMeEjWpXAgrYi2reyzBTJj2uzvy33qGdDSYclbmm4Mj7x8qpOlK3x+xvOIcFwSsoF62hZu19MCu4kz5ZtO89wrR2ekNm3h0FzEWrhVQpZLisxIESUBze+IqdwsWr1q3eFtFzorQFiCwBI0qeiqNo9KTgpHLWVwfR5N0mxlvEXgMPLnc5QTuK0HAsIMPZttkuXGuKQyracxmuMrgymkLl3ImWiRW9EfkUwuOsA70b/Ky/6jTUUlRGWRydnk9uxxXP1gtXA37sDUEHl4mr7A4riyn+wkHfN1Y221kTW/0pwp0n6EdzMW+Hx9xg7WAGywZuoO8g6HvNCxPR/GX7dxLi2xmAg9ddYhluow9rNHZDDTw927mkzUUhbmYPhXRbEYWxdXPaBZrJU9sgMHZDmldiLtSW6KYhrd229+0BcA0WyTlIaftDYFgPOtTxS6Fsu22UBv4GD/y1JZhRQbmYLCdAWthl65DmBGtgkifsk3ND+Jqdw3ohcsKFt4t1AIOlq3qQZE5pnXlWtkUuYUBuIuEs3kXK19rg5ZktrE7+wAagXejVhzLW0JgD63IQNmq5z0magVlWknvgbn886U3PDSmTMKNuQ+ZriwmB/wA+NMY/P4UuahE/nWkza0AF6w0vWHvoRNcrUgCFvKq7jJlsINP+oJ/htH8anE1V8Vc9dhB/5L7elpB86aAuSJ/IpMtMD/macLh/25UgHik4q2TCkzGefwHz9aQuPL7qjdLXKYVTsYAnunUn3Coz6L9OvPZlbF1ettW1EZetbYSzOGkk/dUvGYu3Z4hcu3FLwqlIKytw2reW4MwIJGpEg6weVUnRaw96+zgHKikT3EqBA9351rW4nB2rrdY2GFx4UMeuuoCVULOVdBsKhjnGLdnZzaTJlwx2L1ft8e/6Efh/SW9fxyILlxbLmOrLyI6vKc0Rmkgn31mOk+LvLhMNcs3Li2/pRcNt2UB2ZWXOFPPtRNatrlrCDrzhrFvIcyy1648jaM1yKxBxLpYW4oH10e2wDIyOxZVdTvE/GrfFTkmilaDLHDOMu+JL16tP7lfc6TMVhrSs/VdUbjM5crBBJ1idT60LgtojDYm4dFbqkU/acXFcqO+FBJ7tO+pA4kCP+nwgPd+rW/nUfF41rmXNACghVVVRFBMmFUACTudzU3NUYsemmpJyfCAMJphGoPuP3iiTXDXTv+/karN7SZ7B0VP9SsTp9Gvpyq2Bqp6PorYSwV1HVIJ8VUKwPiCCPdViFI7qZxMn5n+pIFDu6PbOmpZfVc38lMD+P591K2UxmGxkeBgiQeWhPrQQJYU0uXxqC19BzUebD50J+JWF3u2R5sn40wLMx3ikzL9oeoqmbpDhV3xFn+Nfxp6dI8O3s3M37iu3/wAqaKYFjikFxGT7SsvqCKZg74e0jEbqp2PMCmWserahbnvRl/8AqKBgcRkt5CrAqXA7LHQOwUjTmsGgCwzDu+BpCf2TUf8AXR9lv4SPlXHFT9U+o+ZpAH93xH412WhC74R5x8q7OPzFAivQZROknbUbczSbUa/7R9PcKGutNE2xjPXA0ZbYNGTDCOfwpNgrZFC+FOK1IyAUk+H30WJgclVPEv8Aq8KnPLiG9VUfy1fgz3elQMfgFa7bvhmV0VlGXLBDamQQe+mmKwi2zRRaPdUN7jj/ALjeif6aJbuOR7Z9F/CgVkk29Nqpf0j8Qy2Qg3yj1Pn+7FWahswGdokcl/Csh+lByLwXlofTOKhLk16bsd0SuOMKHRR2SRrBzGTLjnM6a93kKs7XEiqktplBLT4ak1WcPxBs8LDJAJ+EuSYonD2/WEPWAbESNKzNctntMFeEk/ZfYoOI8aOJbYkToD4cz6UzDnOWtn66nlseVV+NGS4Qumk+sU3C4hgwNXbeODEsz31Pu6ItxSD99LMij4z2ie/U+ZqI4jUVYjnZI7JNDweW9dl5imqZo1vlQRVM33Qu89zB5Rdtpkdl7asx1AeRFxRux5cqsLmCJMnHqp55EtL95JqD+jO0DZvf+wf/AAK2Ox2qSZxtSqyyMu3AkfVsdfb924vwyikHRXDN7T4h/PO33JWpznw9KVXJ0mnbKDNW+iGD/ubx8+sX74pG6IYcGVtXV8JtOPS4SK1BpRT3MCgtcKu2x9EtnTYPh7Q/zWnEelS7d/Fr7WHst+5eZfg1v51ZNQrjnelYET+l7intYO6PFeruD4PPwpp6SWh7RuW/37NxB6lY+NUfSPpHew47ATzIJ+cVlL/SjFvob7AfshV+Kiako2Pk9Ls8Ys3PYu228nE+k0V8ao3ZR5sPnXjVy4WMsSxO5JJJ95pkeFPwwPYLnFrA3u2h/jT8ajNxzDT/AG9n/wDQfjXk5FNijwwP/9k=', 1, 2, NULL, NULL);

-- --------------------------------------------------------

--
-- Table structure for table `rating`
--

CREATE TABLE `rating` (
  `id` int(10) NOT NULL,
  `title` varchar(50) COLLATE utf32_unicode_ci NOT NULL,
  `rating` tinyint(5) NOT NULL
) ENGINE=InnoDB DEFAULT CHARSET=utf32 COLLATE=utf32_unicode_ci;

-- --------------------------------------------------------

--
-- Table structure for table `user`
--

CREATE TABLE `user` (
  `id` int(11) NOT NULL,
  `username` varchar(50) NOT NULL,
  `email` varchar(50) NOT NULL,
  `password` varchar(50) NOT NULL,
  `createdate` datetime NOT NULL,
  `role` int(10) DEFAULT NULL,
  `Fullname` varchar(50) DEFAULT NULL,
  `block` int(10) DEFAULT NULL,
  `avatar` varchar(255) DEFAULT NULL,
  `address` varchar(255) DEFAULT NULL,
  `sex` varchar(50) DEFAULT NULL,
  `phone` int(50) DEFAULT NULL,
  `dob` datetime DEFAULT NULL
) ENGINE=MyISAM DEFAULT CHARSET=utf8;

--
-- Dumping data for table `user`
--

INSERT INTO `user` (`id`, `username`, `email`, `password`, `createdate`, `role`, `Fullname`, `block`, `avatar`, `address`, `sex`, `phone`, `dob`) VALUES
(3, 'thanhhoa', 'phamthanhhoa@gmail.com', '121212', '2018-05-07 23:07:13', 1, 'Pham Thanh Hoa', NULL, NULL, 'aaaa', NULL, NULL, NULL),
(4, 'ngochuyen', 'tranngochuyen@gmail.com', '122222', '2018-05-07 23:07:13', 0, 'Ngoc Huyen', NULL, NULL, NULL, NULL, NULL, NULL),
(5, 'mykhue', 'giangmykhue@gmail.com', '1111111', '2018-05-07 23:07:13', 1, 'Giang My Khue', NULL, NULL, NULL, NULL, NULL, NULL),
(6, 'thuylinh', 'dothithuylinh@gmail.com', 'ddd', '2018-05-07 23:07:13', 1, 'Do Thuy Linh', NULL, NULL, NULL, NULL, NULL, NULL),
(7, 'xuanlinh', 'tongxuanlinh9@gmail.com', 'tongxuanlinh', '2018-05-07 23:07:13', 1, 'Tong Xuan Linh', NULL, NULL, NULL, NULL, NULL, NULL),
(8, 'leminh', 'nguyenleminh9@gmail.com', 'nguyenleminh', '2018-05-07 23:07:41', 1, 'Nguyen Le Minh', NULL, NULL, NULL, NULL, NULL, NULL),
(9, 'thanhson', 'phanthanhson@gmail.com', 'phanthanhson', '2018-05-07 23:07:13', 1, 'Phan Thanh Son', NULL, NULL, NULL, NULL, NULL, NULL),
(10, 'ducthang', 'nguyenducthang@gmail.com', 'nguyenducthang', '2018-05-07 23:07:13', 1, 'Nguyen Duc Thang', NULL, NULL, NULL, NULL, NULL, NULL),
(11, 'nguyenthuy', 'nguyenthithuy@gmail.com', 'nguyenthithuy', '2018-05-07 23:07:13', 1, 'Nguyen Thi Thuy', NULL, NULL, NULL, NULL, NULL, NULL),
(12, 'thanhtung', 'nguyenthanhtung@gmail.com', 'nguyenthanhtung', '2018-05-07 23:07:13', 1, 'Nguyen Thanh Tung', NULL, NULL, NULL, NULL, NULL, NULL),
(13, 'minhphuong', 'leminhphuong@gmail.com', 'leminhphuong', '2018-05-07 23:07:13', 1, 'Le Minh Phuong', NULL, NULL, NULL, NULL, NULL, NULL),
(14, 'hongson', 'dohongson@gmail.com', 'dohongson', '2018-05-07 23:07:25', 1, 'Do Hong Son', NULL, NULL, NULL, NULL, NULL, NULL),
(1, 'hatienanh', 'htanh@gmail.com', '123456789', '2018-05-17 00:23:18', 1, 'Ha Tien Anh', NULL, NULL, NULL, NULL, NULL, NULL),
(15, 'nhiha0510', 'nhiha05101998@gmail.com', '111111', '2018-05-17 07:07:31', 0, 'Ho Nhi Ha', NULL, NULL, NULL, NULL, NULL, NULL),
(16, 'tranphuongthao', 'tpthao@gmail.com', '123456', '2018-05-17 00:37:00', 0, 'Tran Phuong Thao', NULL, NULL, NULL, NULL, NULL, NULL),
(2, 'tranminhduc', 'tmduc@gmail.com', '12345', '2018-05-17 09:00:00', 1, 'Tran Minh Duc', NULL, NULL, NULL, NULL, NULL, NULL),
(22, 'halo', 'halo@gmail.com', 'qwerty', '2018-05-18 21:42:41', 0, 'halo the tabby', 0, NULL, NULL, NULL, NULL, NULL);

--
-- Indexes for dumped tables
--

--
-- Indexes for table `comment`
--
ALTER TABLE `comment`
  ADD PRIMARY KEY (`cmtid`);

--
-- Indexes for table `photoalbum`
--
ALTER TABLE `photoalbum`
  ADD PRIMARY KEY (`albumid`);

--
-- Indexes for table `posts`
--
ALTER TABLE `posts`
  ADD PRIMARY KEY (`id`);

--
-- Indexes for table `rating`
--
ALTER TABLE `rating`
  ADD PRIMARY KEY (`id`);

--
-- Indexes for table `user`
--
ALTER TABLE `user`
  ADD PRIMARY KEY (`id`),
  ADD UNIQUE KEY `username` (`username`),
  ADD UNIQUE KEY `email` (`email`);

--
-- AUTO_INCREMENT for dumped tables
--

--
-- AUTO_INCREMENT for table `comment`
--
ALTER TABLE `comment`
  MODIFY `cmtid` int(10) NOT NULL AUTO_INCREMENT, AUTO_INCREMENT=9;

--
-- AUTO_INCREMENT for table `photoalbum`
--
ALTER TABLE `photoalbum`
  MODIFY `albumid` int(10) NOT NULL AUTO_INCREMENT, AUTO_INCREMENT=4;

--
-- AUTO_INCREMENT for table `posts`
--
ALTER TABLE `posts`
  MODIFY `id` int(10) NOT NULL AUTO_INCREMENT, AUTO_INCREMENT=21;

--
-- AUTO_INCREMENT for table `rating`
--
ALTER TABLE `rating`
  MODIFY `id` int(10) NOT NULL AUTO_INCREMENT;

--
-- AUTO_INCREMENT for table `user`
--
ALTER TABLE `user`
  MODIFY `id` int(11) NOT NULL AUTO_INCREMENT, AUTO_INCREMENT=23;
COMMIT;

/*!40101 SET CHARACTER_SET_CLIENT=@OLD_CHARACTER_SET_CLIENT */;
/*!40101 SET CHARACTER_SET_RESULTS=@OLD_CHARACTER_SET_RESULTS */;
/*!40101 SET COLLATION_CONNECTION=@OLD_COLLATION_CONNECTION */;
